-- phpMyAdmin SQL Dump
-- version 4.8.3
-- https://www.phpmyadmin.net/
--
-- Host: localhost:3306
-- Generation Time: Dec 24, 2018 at 05:49 AM
-- Server version: 5.6.41
-- PHP Version: 7.2.7

SET SQL_MODE = "NO_AUTO_VALUE_ON_ZERO";
SET AUTOCOMMIT = 0;
START TRANSACTION;
SET time_zone = "+00:00";


/*!40101 SET @OLD_CHARACTER_SET_CLIENT=@@CHARACTER_SET_CLIENT */;
/*!40101 SET @OLD_CHARACTER_SET_RESULTS=@@CHARACTER_SET_RESULTS */;
/*!40101 SET @OLD_COLLATION_CONNECTION=@@COLLATION_CONNECTION */;
/*!40101 SET NAMES utf8mb4 */;

--
-- Database: `bsapmpks_mp`
--

-- --------------------------------------------------------

--
-- Table structure for table `bookings`
--

CREATE TABLE `bookings` (
  `BookingID` int(11) NOT NULL,
  `UserID` int(11) NOT NULL,
  `CategoryID` int(11) NOT NULL,
  `BookingDate` varchar(255) NOT NULL,
  `BookingTime` varchar(255) NOT NULL,
  `Description` varchar(500) NOT NULL,
  `Coupon` varchar(255) NOT NULL,
  `OrderNumber` varchar(255) NOT NULL,
  `Status` enum('Received','Assigned','OnTheWay','Reached','Completed','Cancelled') NOT NULL DEFAULT 'Received',
  `Address` text CHARACTER SET utf8 NOT NULL,
  `AddressLat` double NOT NULL,
  `AddressLong` double NOT NULL,
  `Amount` decimal(10,2) NOT NULL,
  `Image` varchar(255) NOT NULL,
  `TechnicianID` int(11) NOT NULL,
  `VehicleID` int(11) NOT NULL,
  `GuaranteeDate` varchar(255) NOT NULL,
  `CreatedAt` datetime NOT NULL DEFAULT CURRENT_TIMESTAMP
) ENGINE=InnoDB DEFAULT CHARSET=latin1;

--
-- Dumping data for table `bookings`
--

INSERT INTO `bookings` (`BookingID`, `UserID`, `CategoryID`, `BookingDate`, `BookingTime`, `Description`, `Coupon`, `OrderNumber`, `Status`, `Address`, `AddressLat`, `AddressLong`, `Amount`, `Image`, `TechnicianID`, `VehicleID`, `GuaranteeDate`, `CreatedAt`) VALUES
(1, 108, 1, '1545488085', '1545491700', 'Tsvdsv', '', '15248', 'Assigned', 'Balochistan, Balochistan, Pakistan', 30.412003, 69.03807100000002, '250.00', '', 112, 2, '', '2018-12-21 09:14:57'),
(2, 108, 2, '1545488252', '1545492600', 'As jack as', '', '27722', 'Assigned', 'Balochistan, Balochistan, Pakistan', 30.412003, 69.03807100000002, '250.00', '', 0, 0, '', '2018-12-21 09:17:47'),
(5, 110, 2, '1545475917', '1545389462', 'Testing description', '', '56922', 'Completed', 'Lahore, Pakistan', 31.5204, 74.3587, '250.00', 'uploads/bookings/39035220181221105352user.jpg', 0, 0, '', '2018-12-21 10:52:53'),
(6, 110, 3, '1545392994', '1545393059', 'Hello Jee', '', '62786', 'Completed', 'Karachi Pakistan', 31.5204, 74.3587, '250.00', '', 0, 0, '', '2018-12-21 11:50:57'),
(7, 110, 2, '1545393305', '1545393609', 'Hello Jee!', '', '79927', 'Completed', 'Isloo, Pakistan', 31.5204, 74.3587, '250.00', '', 0, 0, '', '2018-12-21 11:55:36'),
(8, 110, 1, '1545395025', '1545395028', 'Description', '', '85792', 'Received', 'Isloo Pakistan', 31.5204, 74.3587, '250.00', '', 0, 0, '', '2018-12-21 12:24:12'),
(9, 110, 1, '1545395440', '1545395442', 'Hello', '', '99139', 'Cancelled', 'Lahore', 31.5204, 74.3587, '250.00', '', 0, 0, '', '2018-12-21 12:31:09'),
(10, 110, 2, '1545396167', '1545396169', 'Desc', '', '104248', 'Cancelled', 'Lahore', 31.5204, 74.3587, '250.00', '', 0, 0, '', '2018-12-21 12:43:08'),
(11, 108, 3, '1545587951', '1545593400', 'Kmlmklmklmlkmlkm', '', '111441', 'Received', 'Salman Shahr, Salman Shahr, Māzandarān, Iran', 36.70253580000001, 51.19514509999998, '250.00', '', 0, 0, '', '2018-12-21 12:59:31'),
(12, 115, 1, '1545426648', '1545426600', 'Hi', '', '122486', 'Received', 'Ghousia Colony, Lahore, Punjab, Pakistan', 31.48896651485423, 74.36278153975196, '250.00', 'uploads/bookings/78701320181221042111Image', 0, 0, '', '2018-12-21 16:11:21'),
(13, 110, 1, '1545889684', '1545630739', 'Description', '', '135329', 'Completed', 'Lahore', 31.5204, 74.3587, '250.00', '', 0, 0, '', '2018-12-24 05:48:37'),
(14, 110, 1, '1546235346', '1545637691', 'Description', '', '147216', 'Received', 'Karachi', 31.5204, 74.3587, '250.00', '', 0, 0, '', '2018-12-24 05:49:31'),
(15, 110, 2, '1546149177', '1545652321', 'Description', '', '158773', 'Received', 'Lahore', 31.5204, 74.3587, '250.00', '', 0, 0, '', '2018-12-24 05:53:14'),
(16, 108, 1, '1545782400', '1545840000', 'Kansclknaslkcnakscnklac', '', '168545', 'Received', '201–499 Launiu St, Waikiki, Honolulu, 96815, HI, United States', 21.282777800000005, -157.82944439999997, '250.00', '', 0, 0, '', '2018-12-24 08:29:36'),
(17, 108, 3, '1545696000', '1545753600', 'Asks clams chicken', '', '171783', 'Received', '201–499 Launiu St, Waikiki, Honolulu, 96815, HI, United States', 21.282777800000005, -157.82944439999997, '250.00', '', 0, 0, '', '2018-12-24 08:32:09'),
(18, 108, 1, '1545745150', '1545759000', 'Kklmnkn', '', '182129', 'Received', '201–499 Launiu St, Waikiki, Honolulu, 96815, HI, United States', 21.282777800000005, -157.82944439999997, '250.00', '', 0, 0, '', '2018-12-24 08:39:22'),
(19, 108, 2, '1545660477', '1545678000', 'Sacascasc', '', '198316', 'Received', 'Balochistan, Balochistan, Pakistan', 30.412003, 69.03807100000002, '250.00', '', 0, 0, '', '2018-12-24 09:08:15'),
(20, 108, 3, '1545747425', '1545755400', 'Nmaslknalskcnasc', '', '208291', 'Received', 'Balochistan, Balochistan, Pakistan', 30.412003, 69.03807100000002, '250.00', '', 0, 0, '', '2018-12-24 09:18:55'),
(21, 108, 3, '1545920555', '1545930000', 'Anacondas new', '', '211533', 'Received', 'Balochistan, Balochistan, Pakistan', 30.412003, 69.03807100000002, '250.00', '', 0, 0, '', '2018-12-24 09:22:46'),
(22, 108, 1, '1545696000', '1545755400', 'Llama llama acts', '', '221565', 'Received', 'Balochistan, Balochistan, Pakistan', 30.412003, 69.03807100000002, '250.00', '', 0, 0, '', '2018-12-24 09:30:20'),
(23, 108, 1, '1545835219', '1545840000', 'Mksalmclkasmlck', '', '238825', 'Received', 'Balochistan, Balochistan, Pakistan', 30.412003, 69.03807100000002, '250.00', '', 0, 0, '', '2018-12-24 09:40:31'),
(24, 115, 2, '1545667961', '1545670800', 'Dchds', '', '245146', 'Received', 'Lahore, Lahore, Punjab, Pakistan', 31.618492028679682, 74.50940120667616, '250.00', '', 0, 0, '', '2018-12-24 11:12:50'),
(25, 110, 2, '1545653177', '1545653480', 'Description', '', '256226', 'Received', 'Karachi, Pakistan', 31.5204, 74.3587, '250.00', '', 0, 0, '', '2018-12-24 12:06:39'),
(26, 110, 3, '1545999213', '1545653917', 'Description', '', '266571', 'Received', 'Isloo', 31.5204, 74.3587, '250.00', '', 0, 0, '', '2018-12-24 12:13:57');

-- --------------------------------------------------------

--
-- Table structure for table `categories`
--

CREATE TABLE `categories` (
  `CategoryID` int(11) NOT NULL,
  `ParentID` int(11) NOT NULL,
  `CategoryPrice` float NOT NULL,
  `SortOrder` int(11) NOT NULL,
  `Image` varchar(255) NOT NULL,
  `Hide` tinyint(4) NOT NULL,
  `IsActive` tinyint(4) NOT NULL,
  `CreatedAt` datetime NOT NULL,
  `UpdatedAt` datetime NOT NULL,
  `CreatedBy` int(11) NOT NULL,
  `UpdatedBy` int(11) NOT NULL
) ENGINE=InnoDB DEFAULT CHARSET=utf8;

--
-- Dumping data for table `categories`
--

INSERT INTO `categories` (`CategoryID`, `ParentID`, `CategoryPrice`, `SortOrder`, `Image`, `Hide`, `IsActive`, `CreatedAt`, `UpdatedAt`, `CreatedBy`, `UpdatedBy`) VALUES
(1, 0, 250, 0, 'uploads/images/8304936082020181218013903plumbing.png', 0, 1, '2018-12-13 07:31:20', '2018-12-18 13:03:50', 1, 1),
(2, 0, 250, 0, 'uploads/images/360135217120181218013204electricity.png', 0, 1, '2018-12-13 07:31:20', '2018-12-18 13:04:32', 1, 1),
(3, 0, 250, 0, 'uploads/images/4658273824920181218015004conditioning.png', 0, 1, '2018-12-13 07:31:20', '2018-12-18 13:04:50', 1, 1);

-- --------------------------------------------------------

--
-- Table structure for table `categories_text`
--

CREATE TABLE `categories_text` (
  `CategoryTextID` int(11) NOT NULL,
  `CategoryID` int(11) NOT NULL,
  `Title` varchar(255) NOT NULL,
  `SystemLanguageID` int(11) NOT NULL,
  `CreatedAt` datetime NOT NULL,
  `UpdatedAt` datetime NOT NULL,
  `CreatedBy` int(11) NOT NULL,
  `UpdatedBy` int(11) NOT NULL
) ENGINE=InnoDB DEFAULT CHARSET=utf8;

--
-- Dumping data for table `categories_text`
--

INSERT INTO `categories_text` (`CategoryTextID`, `CategoryID`, `Title`, `SystemLanguageID`, `CreatedAt`, `UpdatedAt`, `CreatedBy`, `UpdatedBy`) VALUES
(1, 1, 'Plumbing', 1, '2018-12-13 07:31:20', '2018-12-18 13:03:50', 1, 1),
(2, 2, 'Electricity', 1, '2018-12-13 07:31:20', '2018-12-18 13:04:32', 1, 1),
(3, 3, 'Conditioning ', 1, '2018-12-13 07:31:20', '2018-12-18 13:04:50', 1, 1);

-- --------------------------------------------------------

--
-- Table structure for table `cities`
--

CREATE TABLE `cities` (
  `CityID` int(11) NOT NULL,
  `SortOrder` int(11) NOT NULL,
  `Hide` tinyint(4) NOT NULL,
  `IsActive` tinyint(4) NOT NULL,
  `CreatedAt` datetime NOT NULL,
  `UpdatedAt` datetime NOT NULL,
  `CreatedBy` int(11) NOT NULL,
  `UpdatedBy` int(11) NOT NULL
) ENGINE=InnoDB DEFAULT CHARSET=utf8;

--
-- Dumping data for table `cities`
--

INSERT INTO `cities` (`CityID`, `SortOrder`, `Hide`, `IsActive`, `CreatedAt`, `UpdatedAt`, `CreatedBy`, `UpdatedBy`) VALUES
(1, 0, 0, 1, '2018-11-20 08:47:26', '2018-11-29 10:25:49', 1, 1),
(2, 1, 0, 1, '2018-11-20 08:48:16', '2018-11-20 08:48:16', 1, 1),
(3, 2, 0, 1, '2018-11-20 08:49:16', '2018-11-20 08:49:16', 1, 1),
(4, 3, 0, 0, '2018-11-20 08:49:35', '2018-11-20 08:49:35', 1, 1),
(5, 4, 0, 0, '2018-11-20 08:50:07', '2018-11-20 08:50:07', 1, 1),
(6, 5, 0, 0, '2018-11-20 08:50:30', '2018-11-20 08:50:30', 1, 1),
(7, 6, 0, 0, '2018-11-20 08:51:01', '2018-11-29 10:04:58', 1, 1),
(8, 7, 0, 0, '2018-11-29 10:05:47', '2018-11-29 10:05:47', 1, 1),
(9, 8, 0, 0, '2018-11-29 10:06:04', '2018-11-29 10:06:04', 1, 1),
(10, 9, 0, 0, '2018-11-29 10:06:11', '2018-11-29 10:06:11', 1, 1),
(11, 10, 0, 0, '2018-11-29 10:06:22', '2018-11-29 10:06:22', 1, 1),
(12, 11, 0, 0, '2018-11-29 10:07:00', '2018-11-29 10:07:00', 1, 1),
(13, 12, 0, 0, '2018-11-29 10:07:09', '2018-11-29 10:07:09', 1, 1),
(14, 13, 0, 0, '2018-11-29 10:07:18', '2018-11-29 10:07:18', 1, 1),
(15, 14, 0, 0, '2018-11-29 10:08:05', '2018-11-29 10:08:05', 1, 1),
(16, 15, 0, 0, '2018-11-29 10:08:11', '2018-11-29 10:08:11', 1, 1),
(17, 16, 0, 0, '2018-11-29 10:08:15', '2018-11-29 10:08:15', 1, 1),
(18, 17, 0, 0, '2018-11-29 10:08:23', '2018-11-29 10:08:23', 1, 1),
(19, 18, 0, 0, '2018-11-29 10:08:26', '2018-11-29 10:08:26', 1, 1),
(20, 19, 0, 0, '2018-11-29 10:08:31', '2018-11-29 10:08:31', 1, 1),
(21, 20, 0, 0, '2018-11-29 10:08:40', '2018-11-29 10:08:40', 1, 1),
(22, 21, 0, 0, '2018-11-29 10:08:44', '2018-11-29 10:08:44', 1, 1),
(23, 22, 0, 0, '2018-11-29 10:08:49', '2018-11-29 10:08:49', 1, 1),
(24, 23, 0, 0, '2018-11-29 10:08:56', '2018-11-29 10:08:56', 1, 1),
(25, 24, 0, 0, '2018-11-29 10:09:05', '2018-11-29 10:09:05', 1, 1),
(26, 25, 0, 0, '2018-11-29 10:09:13', '2018-11-29 10:09:13', 1, 1),
(27, 26, 0, 0, '2018-11-29 10:09:17', '2018-11-29 10:09:17', 1, 1),
(28, 27, 0, 0, '2018-11-29 10:09:21', '2018-11-29 10:09:21', 1, 1),
(29, 28, 0, 0, '2018-11-29 10:09:26', '2018-11-29 10:09:26', 1, 1),
(30, 29, 0, 0, '2018-11-29 10:09:53', '2018-11-29 10:09:53', 1, 1),
(31, 30, 0, 0, '2018-11-29 10:10:00', '2018-11-29 10:10:00', 1, 1),
(32, 31, 0, 0, '2018-11-29 10:10:05', '2018-11-29 10:10:05', 1, 1),
(33, 32, 0, 0, '2018-11-29 10:10:11', '2018-11-29 10:10:11', 1, 1),
(34, 33, 0, 0, '2018-11-29 10:10:16', '2018-11-29 10:10:16', 1, 1),
(35, 34, 0, 0, '2018-11-29 10:10:27', '2018-11-29 10:10:27', 1, 1),
(36, 35, 0, 0, '2018-11-29 10:10:31', '2018-11-29 10:10:31', 1, 1),
(37, 36, 0, 0, '2018-11-29 10:10:38', '2018-11-29 10:10:38', 1, 1),
(38, 37, 0, 0, '2018-11-29 10:10:41', '2018-11-29 10:10:41', 1, 1),
(39, 38, 0, 0, '2018-11-29 10:10:44', '2018-11-29 10:10:44', 1, 1),
(40, 39, 0, 0, '2018-11-29 10:10:52', '2018-11-29 10:10:52', 1, 1),
(41, 40, 0, 0, '2018-11-29 10:10:55', '2018-11-29 10:10:55', 1, 1),
(42, 41, 0, 0, '2018-11-29 10:11:02', '2018-11-29 10:11:02', 1, 1),
(43, 42, 0, 0, '2018-11-29 10:11:09', '2018-11-29 10:11:09', 1, 1),
(44, 43, 0, 0, '2018-11-29 10:11:12', '2018-11-29 10:11:12', 1, 1),
(45, 44, 0, 0, '2018-11-29 10:11:17', '2018-11-29 10:11:17', 1, 1),
(46, 45, 0, 0, '2018-11-29 10:11:24', '2018-11-29 10:11:24', 1, 1),
(47, 46, 0, 0, '2018-11-29 10:11:27', '2018-11-29 10:11:27', 1, 1),
(48, 47, 0, 0, '2018-11-29 10:11:32', '2018-11-29 10:11:32', 1, 1),
(49, 48, 0, 0, '2018-11-29 10:11:36', '2018-11-29 10:11:36', 1, 1),
(50, 49, 0, 0, '2018-11-29 10:11:44', '2018-11-29 10:11:44', 1, 1),
(51, 50, 0, 0, '2018-11-29 10:11:48', '2018-11-29 10:11:48', 1, 1),
(52, 51, 0, 0, '2018-11-29 10:11:52', '2018-11-29 10:11:52', 1, 1),
(53, 52, 0, 0, '2018-11-29 10:11:56', '2018-11-29 10:11:56', 1, 1),
(54, 53, 0, 0, '2018-11-29 10:12:04', '2018-11-29 10:12:04', 1, 1),
(55, 54, 0, 0, '2018-11-29 10:12:09', '2018-11-29 10:12:09', 1, 1),
(56, 55, 0, 0, '2018-11-29 10:12:16', '2018-11-29 10:12:16', 1, 1),
(57, 56, 0, 0, '2018-11-29 10:12:19', '2018-11-29 10:12:19', 1, 1),
(58, 57, 0, 0, '2018-11-29 10:12:24', '2018-11-29 10:12:24', 1, 1),
(59, 58, 0, 0, '2018-11-29 10:12:31', '2018-11-29 10:12:31', 1, 1),
(60, 59, 0, 0, '2018-11-29 10:12:35', '2018-11-29 10:12:35', 1, 1),
(61, 60, 0, 0, '2018-11-29 10:13:11', '2018-11-29 10:13:11', 1, 1),
(62, 61, 0, 0, '2018-11-29 10:13:14', '2018-11-29 10:13:14', 1, 1),
(63, 62, 0, 0, '2018-11-29 10:13:19', '2018-11-29 10:13:19', 1, 1),
(64, 63, 0, 0, '2018-11-29 10:13:24', '2018-11-29 10:13:24', 1, 1),
(65, 64, 0, 0, '2018-11-29 10:13:29', '2018-11-29 10:13:29', 1, 1),
(66, 65, 0, 0, '2018-11-29 10:13:33', '2018-11-29 10:13:33', 1, 1),
(67, 66, 0, 0, '2018-11-29 10:13:37', '2018-11-29 10:13:37', 1, 1),
(68, 67, 0, 0, '2018-11-29 10:13:47', '2018-11-29 10:13:47', 1, 1),
(69, 68, 0, 0, '2018-11-29 10:13:50', '2018-11-29 10:13:50', 1, 1),
(70, 69, 0, 0, '2018-11-29 10:13:59', '2018-11-29 10:13:59', 1, 1),
(71, 70, 0, 0, '2018-11-29 10:14:02', '2018-11-29 10:14:02', 1, 1),
(72, 71, 0, 0, '2018-11-29 10:14:07', '2018-11-29 10:14:07', 1, 1),
(73, 72, 0, 0, '2018-11-29 10:14:12', '2018-11-29 10:14:12', 1, 1),
(74, 73, 0, 0, '2018-11-29 10:14:15', '2018-11-29 10:14:15', 1, 1),
(75, 74, 0, 0, '2018-11-29 10:14:19', '2018-11-29 10:14:19', 1, 1),
(76, 75, 0, 0, '2018-11-29 10:14:23', '2018-11-29 10:14:23', 1, 1),
(77, 76, 0, 0, '2018-11-29 10:14:37', '2018-11-29 10:14:37', 1, 1),
(78, 77, 0, 0, '2018-11-29 10:14:45', '2018-11-29 10:14:45', 1, 1),
(79, 78, 0, 0, '2018-11-29 10:14:54', '2018-11-29 10:14:54', 1, 1),
(80, 79, 0, 0, '2018-11-29 10:15:35', '2018-11-29 10:15:35', 1, 1),
(81, 80, 0, 0, '2018-11-29 10:17:43', '2018-11-29 10:17:43', 1, 1),
(82, 81, 0, 0, '2018-11-29 10:17:47', '2018-11-29 10:17:47', 1, 1),
(83, 82, 0, 0, '2018-11-29 10:17:51', '2018-11-29 10:17:51', 1, 1),
(84, 83, 0, 0, '2018-11-29 10:18:58', '2018-11-29 10:18:58', 1, 1),
(85, 84, 0, 0, '2018-11-29 10:19:03', '2018-11-29 10:19:03', 1, 1),
(86, 85, 0, 0, '2018-11-29 10:19:07', '2018-11-29 10:19:07', 1, 1),
(87, 86, 0, 0, '2018-11-29 10:19:11', '2018-11-29 10:19:11', 1, 1),
(88, 87, 0, 0, '2018-11-29 10:19:16', '2018-11-29 10:19:16', 1, 1),
(89, 88, 0, 0, '2018-11-29 10:19:27', '2018-11-29 10:19:27', 1, 1),
(90, 89, 0, 0, '2018-11-29 10:19:30', '2018-11-29 10:19:30', 1, 1),
(91, 90, 0, 0, '2018-11-29 10:19:33', '2018-11-29 10:19:33', 1, 1),
(92, 91, 0, 0, '2018-11-29 10:19:38', '2018-11-29 10:19:38', 1, 1),
(93, 92, 0, 0, '2018-11-29 10:19:45', '2018-11-29 10:19:45', 1, 1),
(94, 93, 0, 0, '2018-11-29 10:19:50', '2018-11-29 10:19:50', 1, 1),
(95, 94, 0, 0, '2018-11-29 10:19:59', '2018-11-29 10:19:59', 1, 1),
(96, 95, 0, 0, '2018-11-29 10:20:06', '2018-11-29 10:20:06', 1, 1),
(97, 96, 0, 0, '2018-11-29 10:20:11', '2018-11-29 10:20:11', 1, 1),
(98, 97, 0, 0, '2018-11-29 10:20:19', '2018-11-29 10:20:19', 1, 1),
(99, 98, 0, 0, '2018-11-29 10:20:25', '2018-11-29 10:20:25', 1, 1),
(100, 99, 0, 0, '2018-11-29 10:20:33', '2018-11-29 10:20:33', 1, 1),
(101, 100, 0, 0, '2018-11-29 10:20:37', '2018-11-29 10:20:37', 1, 1),
(102, 101, 0, 0, '2018-11-29 10:20:45', '2018-11-29 10:20:45', 1, 1),
(103, 102, 0, 0, '2018-11-29 10:20:52', '2018-11-29 10:20:52', 1, 1),
(104, 103, 0, 0, '2018-11-29 10:20:56', '2018-11-29 10:20:56', 1, 1),
(105, 104, 0, 0, '2018-11-29 10:21:01', '2018-11-29 10:21:01', 1, 1),
(106, 105, 0, 0, '2018-11-29 10:21:11', '2018-11-29 10:21:11', 1, 1),
(107, 106, 0, 0, '2018-11-29 10:21:15', '2018-11-29 10:21:15', 1, 1),
(108, 107, 0, 0, '2018-11-29 10:21:19', '2018-11-29 10:21:19', 1, 1),
(109, 108, 0, 0, '2018-11-29 10:21:24', '2018-11-29 10:21:24', 1, 1),
(110, 109, 0, 0, '2018-11-29 10:21:33', '2018-11-29 10:21:33', 1, 1);

-- --------------------------------------------------------

--
-- Table structure for table `cities_text`
--

CREATE TABLE `cities_text` (
  `CityTextID` int(11) NOT NULL,
  `CityID` int(11) NOT NULL,
  `Title` varchar(255) NOT NULL,
  `SystemLanguageID` int(11) NOT NULL,
  `CreatedAt` datetime NOT NULL,
  `UpdatedAt` datetime NOT NULL,
  `CreatedBy` int(11) NOT NULL,
  `UpdatedBy` int(11) NOT NULL
) ENGINE=InnoDB DEFAULT CHARSET=utf8;

--
-- Dumping data for table `cities_text`
--

INSERT INTO `cities_text` (`CityTextID`, `CityID`, `Title`, `SystemLanguageID`, `CreatedAt`, `UpdatedAt`, `CreatedBy`, `UpdatedBy`) VALUES
(1, 1, 'Abha', 1, '2018-11-20 08:47:26', '2018-11-29 10:25:49', 1, 1),
(2, 2, 'Ad-Dilam', 1, '2018-11-20 08:48:16', '2018-11-20 08:48:16', 1, 1),
(3, 3, 'Al-Abwa', 1, '2018-11-20 08:49:16', '2018-11-20 08:49:16', 1, 1),
(4, 4, 'Badr', 1, '2018-11-20 08:49:35', '2018-11-20 08:49:35', 1, 1),
(5, 5, 'Buraydah', 1, '2018-11-20 08:50:07', '2018-11-20 08:50:07', 1, 1),
(6, 6, 'Dammam', 1, '2018-11-20 08:50:30', '2018-11-20 08:50:30', 1, 1),
(7, 7, 'Al Artaweeiyah', 1, '2018-11-20 08:51:01', '2018-11-29 10:04:58', 1, 1),
(15, 8, 'Al Bukayriyah', 1, '2018-11-29 10:05:47', '2018-11-29 10:05:47', 1, 1),
(16, 9, 'Baljurashi', 1, '2018-11-29 10:06:04', '2018-11-29 10:06:04', 1, 1),
(17, 10, 'Bisha', 1, '2018-11-29 10:06:11', '2018-11-29 10:06:11', 1, 1),
(18, 11, 'Bareg', 1, '2018-11-29 10:06:22', '2018-11-29 10:06:22', 1, 1),
(19, 12, 'Al Bahah', 1, '2018-11-29 10:07:00', '2018-11-29 10:07:00', 1, 1),
(20, 13, 'Buq a', 1, '2018-11-29 10:07:09', '2018-11-29 10:07:09', 1, 1),
(21, 14, 'Dhahran', 1, '2018-11-29 10:07:18', '2018-11-29 10:07:18', 1, 1),
(22, 15, 'Dhurma', 1, '2018-11-29 10:08:05', '2018-11-29 10:08:05', 1, 1),
(23, 16, 'Dahaban', 1, '2018-11-29 10:08:11', '2018-11-29 10:08:11', 1, 1),
(24, 17, 'Diriyah', 1, '2018-11-29 10:08:16', '2018-11-29 10:08:16', 1, 1),
(25, 18, 'Duba', 1, '2018-11-29 10:08:23', '2018-11-29 10:08:23', 1, 1),
(26, 19, 'Dumat Al-Jandal', 1, '2018-11-29 10:08:26', '2018-11-29 10:08:26', 1, 1),
(27, 20, 'Dawadmi', 1, '2018-11-29 10:08:31', '2018-11-29 10:08:31', 1, 1),
(28, 21, 'Farasan city', 1, '2018-11-29 10:08:40', '2018-11-29 10:08:40', 1, 1),
(29, 22, 'Gatgat', 1, '2018-11-29 10:08:44', '2018-11-29 10:08:44', 1, 1),
(30, 23, 'Gerrha', 1, '2018-11-29 10:08:49', '2018-11-29 10:08:49', 1, 1),
(31, 24, 'Gurayat', 1, '2018-11-29 10:08:56', '2018-11-29 10:08:56', 1, 1),
(32, 25, 'Al-Gwei\'iyyah', 1, '2018-11-29 10:09:05', '2018-11-29 10:09:05', 1, 1),
(33, 26, 'Hautat Sudair', 1, '2018-11-29 10:09:13', '2018-11-29 10:09:13', 1, 1),
(34, 27, 'Habala', 1, '2018-11-29 10:09:17', '2018-11-29 10:09:17', 1, 1),
(35, 28, 'Hajrah', 1, '2018-11-29 10:09:21', '2018-11-29 10:09:21', 1, 1),
(36, 29, 'Haql	', 1, '2018-11-29 10:09:26', '2018-11-29 10:09:26', 1, 1),
(37, 30, 'Al-Hareeq', 1, '2018-11-29 10:09:53', '2018-11-29 10:09:53', 1, 1),
(38, 31, 'Harmah', 1, '2018-11-29 10:10:00', '2018-11-29 10:10:00', 1, 1),
(39, 32, 'Ha\'il', 1, '2018-11-29 10:10:05', '2018-11-29 10:10:05', 1, 1),
(40, 33, 'Hotat Bani Tamim', 1, '2018-11-29 10:10:11', '2018-11-29 10:10:11', 1, 1),
(41, 34, 'Hofuf', 1, '2018-11-29 10:10:16', '2018-11-29 10:10:16', 1, 1),
(42, 35, 'Huraymila', 1, '2018-11-29 10:10:27', '2018-11-29 10:10:27', 1, 1),
(43, 36, 'Hafr Al-Batin', 1, '2018-11-29 10:10:31', '2018-11-29 10:10:31', 1, 1),
(44, 37, 'Jabal Umm al Ru\'us', 1, '2018-11-29 10:10:38', '2018-11-29 10:10:38', 1, 1),
(45, 38, 'Jalajil', 1, '2018-11-29 10:10:41', '2018-11-29 10:10:41', 1, 1),
(46, 39, 'Al Jawf', 1, '2018-11-29 10:10:44', '2018-11-29 10:10:44', 1, 1),
(47, 40, 'Jeddah', 1, '2018-11-29 10:10:52', '2018-11-29 10:10:52', 1, 1),
(48, 41, 'Jizan', 1, '2018-11-29 10:10:55', '2018-11-29 10:10:55', 1, 1),
(49, 42, 'Jizan Economic City', 1, '2018-11-29 10:11:02', '2018-11-29 10:11:02', 1, 1),
(50, 43, 'Jubail', 1, '2018-11-29 10:11:09', '2018-11-29 10:11:09', 1, 1),
(51, 44, 'Al Jafr', 1, '2018-11-29 10:11:12', '2018-11-29 10:11:12', 1, 1),
(52, 45, 'Khafji', 1, '2018-11-29 10:11:17', '2018-11-29 10:11:17', 1, 1),
(53, 46, 'Khaybar', 1, '2018-11-29 10:11:24', '2018-11-29 10:11:24', 1, 1),
(54, 47, 'King Abdullah Economic City', 1, '2018-11-29 10:11:27', '2018-11-29 10:11:27', 1, 1),
(55, 48, 'Khamis Mushayt', 1, '2018-11-29 10:11:32', '2018-11-29 10:11:32', 1, 1),
(56, 49, 'Al-Saih', 1, '2018-11-29 10:11:36', '2018-11-29 10:11:36', 1, 1),
(57, 50, 'Knowledge Economic City, Medina', 1, '2018-11-29 10:11:44', '2018-11-29 10:11:44', 1, 1),
(58, 51, 'Khobar', 1, '2018-11-29 10:11:48', '2018-11-29 10:11:48', 1, 1),
(59, 52, 'Al-Khutt', 1, '2018-11-29 10:11:52', '2018-11-29 10:11:52', 1, 1),
(60, 53, 'Layla', 1, '2018-11-29 10:11:56', '2018-11-29 10:11:56', 1, 1),
(61, 54, 'Lihyan', 1, '2018-11-29 10:12:04', '2018-11-29 10:12:04', 1, 1),
(62, 55, 'Al Lith', 1, '2018-11-29 10:12:09', '2018-11-29 10:12:09', 1, 1),
(63, 56, 'Al Majma\'ah', 1, '2018-11-29 10:12:16', '2018-11-29 10:12:16', 1, 1),
(64, 57, 'Mastoorah', 1, '2018-11-29 10:12:19', '2018-11-29 10:12:19', 1, 1),
(65, 58, 'Al Mikhwah', 1, '2018-11-29 10:12:24', '2018-11-29 10:12:24', 1, 1),
(66, 59, 'Al-Mubarraz', 1, '2018-11-29 10:12:31', '2018-11-29 10:12:31', 1, 1),
(67, 60, 'Al Mawain', 1, '2018-11-29 10:12:35', '2018-11-29 10:12:35', 1, 1),
(68, 61, 'Mecca', 1, '2018-11-29 10:13:11', '2018-11-29 10:13:11', 1, 1),
(69, 62, 'Medina', 1, '2018-11-29 10:13:14', '2018-11-29 10:13:14', 1, 1),
(70, 63, 'Muzahmiyya', 1, '2018-11-29 10:13:19', '2018-11-29 10:13:19', 1, 1),
(71, 64, 'Najran', 1, '2018-11-29 10:13:24', '2018-11-29 10:13:24', 1, 1),
(72, 65, 'Al-Namas', 1, '2018-11-29 10:13:29', '2018-11-29 10:13:29', 1, 1),
(73, 66, 'Omloj', 1, '2018-11-29 10:13:33', '2018-11-29 10:13:33', 1, 1),
(74, 67, 'Al-Omran', 1, '2018-11-29 10:13:37', '2018-11-29 10:13:37', 1, 1),
(75, 68, 'Al-Oyoon', 1, '2018-11-29 10:13:47', '2018-11-29 10:13:47', 1, 1),
(76, 69, 'Qadeimah', 1, '2018-11-29 10:13:50', '2018-11-29 10:13:50', 1, 1),
(77, 70, 'Qatif', 1, '2018-11-29 10:13:59', '2018-11-29 10:13:59', 1, 1),
(78, 71, 'Qaisumah', 1, '2018-11-29 10:14:02', '2018-11-29 10:14:02', 1, 1),
(79, 72, 'Al Qunfudhah', 1, '2018-11-29 10:14:07', '2018-11-29 10:14:07', 1, 1),
(80, 73, 'Rabigh', 1, '2018-11-29 10:14:12', '2018-11-29 10:14:12', 1, 1),
(81, 74, 'Rafha', 1, '2018-11-29 10:14:15', '2018-11-29 10:14:15', 1, 1),
(82, 75, 'Ar Rass', 1, '2018-11-29 10:14:19', '2018-11-29 10:14:19', 1, 1),
(83, 76, 'Ras Tanura', 1, '2018-11-29 10:14:23', '2018-11-29 10:14:23', 1, 1),
(84, 77, 'Riyadh', 1, '2018-11-29 10:14:37', '2018-11-29 10:14:37', 1, 1),
(85, 78, 'Riyadh Al-Khabra', 1, '2018-11-29 10:14:45', '2018-11-29 10:14:45', 1, 1),
(86, 79, 'Rumailah', 1, '2018-11-29 10:14:54', '2018-11-29 10:14:54', 1, 1),
(87, 80, 'Sabt Al Alaya', 1, '2018-11-29 10:15:35', '2018-11-29 10:15:35', 1, 1),
(88, 81, 'Sarat Abidah', 1, '2018-11-29 10:17:43', '2018-11-29 10:17:43', 1, 1),
(89, 82, 'Saihat', 1, '2018-11-29 10:17:47', '2018-11-29 10:17:47', 1, 1),
(90, 83, 'Safwa city', 1, '2018-11-29 10:17:51', '2018-11-29 10:17:51', 1, 1),
(91, 84, 'Sakakah', 1, '2018-11-29 10:18:58', '2018-11-29 10:18:58', 1, 1),
(92, 85, 'Sharurah', 1, '2018-11-29 10:19:03', '2018-11-29 10:19:03', 1, 1),
(93, 86, 'Shaqraa', 1, '2018-11-29 10:19:07', '2018-11-29 10:19:07', 1, 1),
(94, 87, 'Shaybah	', 1, '2018-11-29 10:19:11', '2018-11-29 10:19:11', 1, 1),
(95, 88, 'As Sulayyil', 1, '2018-11-29 10:19:16', '2018-11-29 10:19:16', 1, 1),
(96, 89, 'Taif', 1, '2018-11-29 10:19:27', '2018-11-29 10:19:27', 1, 1),
(97, 90, 'Tabuk', 1, '2018-11-29 10:19:30', '2018-11-29 10:19:30', 1, 1),
(98, 91, 'Tanomah', 1, '2018-11-29 10:19:33', '2018-11-29 10:19:33', 1, 1),
(99, 92, 'Tarout', 1, '2018-11-29 10:19:38', '2018-11-29 10:19:38', 1, 1),
(100, 93, 'Tayma', 1, '2018-11-29 10:19:45', '2018-11-29 10:19:45', 1, 1),
(101, 94, 'Thadiq', 1, '2018-11-29 10:19:50', '2018-11-29 10:19:50', 1, 1),
(102, 95, 'Thuwal', 1, '2018-11-29 10:19:59', '2018-11-29 10:19:59', 1, 1),
(103, 96, 'Thuqbah', 1, '2018-11-29 10:20:06', '2018-11-29 10:20:06', 1, 1),
(104, 97, 'Turaif', 1, '2018-11-29 10:20:11', '2018-11-29 10:20:11', 1, 1),
(105, 98, 'Tabarjal', 1, '2018-11-29 10:20:19', '2018-11-29 10:20:19', 1, 1),
(106, 99, 'Udhailiyah', 1, '2018-11-29 10:20:25', '2018-11-29 10:20:25', 1, 1),
(107, 100, 'Al-`Ula', 1, '2018-11-29 10:20:33', '2018-11-29 10:20:33', 1, 1),
(108, 101, 'Um Al-Sahek', 1, '2018-11-29 10:20:37', '2018-11-29 10:20:37', 1, 1),
(109, 102, 'Unaizah', 1, '2018-11-29 10:20:45', '2018-11-29 10:20:45', 1, 1),
(110, 103, 'Uqair', 1, '2018-11-29 10:20:52', '2018-11-29 10:20:52', 1, 1),
(111, 104, 'Uyayna', 1, '2018-11-29 10:20:56', '2018-11-29 10:20:56', 1, 1),
(112, 105, 'Uyun AlJiwa', 1, '2018-11-29 10:21:01', '2018-11-29 10:21:01', 1, 1),
(113, 106, 'Wadi Al-Dawasir', 1, '2018-11-29 10:21:11', '2018-11-29 10:21:11', 1, 1),
(114, 107, 'Al Wajh', 1, '2018-11-29 10:21:15', '2018-11-29 10:21:15', 1, 1),
(115, 108, 'Yanbu', 1, '2018-11-29 10:21:19', '2018-11-29 10:21:19', 1, 1),
(116, 109, 'Az Zaimah', 1, '2018-11-29 10:21:24', '2018-11-29 10:21:24', 1, 1),
(117, 110, 'Zulfi', 1, '2018-11-29 10:21:33', '2018-11-29 10:21:33', 1, 1),
(120, 1, 'Abha', 2, '2018-11-20 08:47:26', '2018-11-29 10:25:49', 1, 1),
(121, 2, 'Ad-Dilam', 2, '2018-11-20 08:48:16', '2018-11-20 08:48:16', 1, 1),
(122, 3, 'Al-Abwa', 2, '2018-11-20 08:49:16', '2018-11-20 08:49:16', 1, 1),
(123, 4, 'Badr', 2, '2018-11-20 08:49:35', '2018-11-20 08:49:35', 1, 1),
(124, 5, 'Buraydah', 2, '2018-11-20 08:50:07', '2018-11-20 08:50:07', 1, 1),
(125, 6, 'Dammam', 2, '2018-11-20 08:50:30', '2018-11-20 08:50:30', 1, 1),
(126, 7, 'Al Artaweeiyah', 2, '2018-11-20 08:51:01', '2018-11-29 10:04:58', 1, 1),
(127, 8, 'Al Bukayriyah', 2, '2018-11-29 10:05:47', '2018-11-29 10:05:47', 1, 1),
(128, 9, 'Baljurashi', 2, '2018-11-29 10:06:04', '2018-11-29 10:06:04', 1, 1),
(129, 10, 'Bisha', 2, '2018-11-29 10:06:11', '2018-11-29 10:06:11', 1, 1),
(130, 11, 'Bareg', 2, '2018-11-29 10:06:22', '2018-11-29 10:06:22', 1, 1),
(131, 12, 'Al Bahah', 2, '2018-11-29 10:07:00', '2018-11-29 10:07:00', 1, 1),
(132, 13, 'Buq a', 2, '2018-11-29 10:07:09', '2018-11-29 10:07:09', 1, 1),
(133, 14, 'Dhahran', 2, '2018-11-29 10:07:18', '2018-11-29 10:07:18', 1, 1),
(134, 15, 'Dhurma', 2, '2018-11-29 10:08:05', '2018-11-29 10:08:05', 1, 1),
(135, 16, 'Dahaban', 2, '2018-11-29 10:08:11', '2018-11-29 10:08:11', 1, 1),
(136, 17, 'Diriyah', 2, '2018-11-29 10:08:16', '2018-11-29 10:08:16', 1, 1),
(137, 18, 'Duba', 2, '2018-11-29 10:08:23', '2018-11-29 10:08:23', 1, 1),
(138, 19, 'Dumat Al-Jandal', 2, '2018-11-29 10:08:26', '2018-11-29 10:08:26', 1, 1),
(139, 20, 'Dawadmi', 2, '2018-11-29 10:08:31', '2018-11-29 10:08:31', 1, 1),
(140, 21, 'Farasan city', 2, '2018-11-29 10:08:40', '2018-11-29 10:08:40', 1, 1),
(141, 22, 'Gatgat', 2, '2018-11-29 10:08:44', '2018-11-29 10:08:44', 1, 1),
(142, 23, 'Gerrha', 2, '2018-11-29 10:08:49', '2018-11-29 10:08:49', 1, 1),
(143, 24, 'Gurayat', 2, '2018-11-29 10:08:56', '2018-11-29 10:08:56', 1, 1),
(144, 25, 'Al-Gwei\'iyyah', 2, '2018-11-29 10:09:05', '2018-11-29 10:09:05', 1, 1),
(145, 26, 'Hautat Sudair', 2, '2018-11-29 10:09:13', '2018-11-29 10:09:13', 1, 1),
(146, 27, 'Habala', 2, '2018-11-29 10:09:17', '2018-11-29 10:09:17', 1, 1),
(147, 28, 'Hajrah', 2, '2018-11-29 10:09:21', '2018-11-29 10:09:21', 1, 1),
(148, 29, 'Haql	', 2, '2018-11-29 10:09:26', '2018-11-29 10:09:26', 1, 1),
(149, 30, 'Al-Hareeq', 2, '2018-11-29 10:09:53', '2018-11-29 10:09:53', 1, 1),
(150, 31, 'Harmah', 2, '2018-11-29 10:10:00', '2018-11-29 10:10:00', 1, 1),
(151, 32, 'Ha\'il', 2, '2018-11-29 10:10:05', '2018-11-29 10:10:05', 1, 1),
(152, 33, 'Hotat Bani Tamim', 2, '2018-11-29 10:10:11', '2018-11-29 10:10:11', 1, 1),
(153, 34, 'Hofuf', 2, '2018-11-29 10:10:16', '2018-11-29 10:10:16', 1, 1),
(154, 35, 'Huraymila', 2, '2018-11-29 10:10:27', '2018-11-29 10:10:27', 1, 1),
(155, 36, 'Hafr Al-Batin', 2, '2018-11-29 10:10:31', '2018-11-29 10:10:31', 1, 1),
(156, 37, 'Jabal Umm al Ru\'us', 2, '2018-11-29 10:10:38', '2018-11-29 10:10:38', 1, 1),
(157, 38, 'Jalajil', 2, '2018-11-29 10:10:41', '2018-11-29 10:10:41', 1, 1),
(158, 39, 'Al Jawf', 2, '2018-11-29 10:10:44', '2018-11-29 10:10:44', 1, 1),
(159, 40, 'Jeddah', 2, '2018-11-29 10:10:52', '2018-11-29 10:10:52', 1, 1),
(160, 41, 'Jizan', 2, '2018-11-29 10:10:55', '2018-11-29 10:10:55', 1, 1),
(161, 42, 'Jizan Economic City', 2, '2018-11-29 10:11:02', '2018-11-29 10:11:02', 1, 1),
(162, 43, 'Jubail', 2, '2018-11-29 10:11:09', '2018-11-29 10:11:09', 1, 1),
(163, 44, 'Al Jafr', 2, '2018-11-29 10:11:12', '2018-11-29 10:11:12', 1, 1),
(164, 45, 'Khafji', 2, '2018-11-29 10:11:17', '2018-11-29 10:11:17', 1, 1),
(165, 46, 'Khaybar', 2, '2018-11-29 10:11:24', '2018-11-29 10:11:24', 1, 1),
(166, 47, 'King Abdullah Economic City', 2, '2018-11-29 10:11:27', '2018-11-29 10:11:27', 1, 1),
(167, 48, 'Khamis Mushayt', 2, '2018-11-29 10:11:32', '2018-11-29 10:11:32', 1, 1),
(168, 49, 'Al-Saih', 2, '2018-11-29 10:11:36', '2018-11-29 10:11:36', 1, 1),
(169, 50, 'Knowledge Economic City, Medina', 2, '2018-11-29 10:11:44', '2018-11-29 10:11:44', 1, 1),
(170, 51, 'Khobar', 2, '2018-11-29 10:11:48', '2018-11-29 10:11:48', 1, 1),
(171, 52, 'Al-Khutt', 2, '2018-11-29 10:11:52', '2018-11-29 10:11:52', 1, 1),
(172, 53, 'Layla', 2, '2018-11-29 10:11:56', '2018-11-29 10:11:56', 1, 1),
(173, 54, 'Lihyan', 2, '2018-11-29 10:12:04', '2018-11-29 10:12:04', 1, 1),
(174, 55, 'Al Lith', 2, '2018-11-29 10:12:09', '2018-11-29 10:12:09', 1, 1),
(175, 56, 'Al Majma\'ah', 2, '2018-11-29 10:12:16', '2018-11-29 10:12:16', 1, 1),
(176, 57, 'Mastoorah', 2, '2018-11-29 10:12:19', '2018-11-29 10:12:19', 1, 1),
(177, 58, 'Al Mikhwah', 2, '2018-11-29 10:12:24', '2018-11-29 10:12:24', 1, 1),
(178, 59, 'Al-Mubarraz', 2, '2018-11-29 10:12:31', '2018-11-29 10:12:31', 1, 1),
(179, 60, 'Al Mawain', 2, '2018-11-29 10:12:35', '2018-11-29 10:12:35', 1, 1),
(180, 61, 'Mecca', 2, '2018-11-29 10:13:11', '2018-11-29 10:13:11', 1, 1),
(181, 62, 'Medina', 2, '2018-11-29 10:13:14', '2018-11-29 10:13:14', 1, 1),
(182, 63, 'Muzahmiyya', 2, '2018-11-29 10:13:19', '2018-11-29 10:13:19', 1, 1),
(183, 64, 'Najran', 2, '2018-11-29 10:13:24', '2018-11-29 10:13:24', 1, 1),
(184, 65, 'Al-Namas', 2, '2018-11-29 10:13:29', '2018-11-29 10:13:29', 1, 1),
(185, 66, 'Omloj', 2, '2018-11-29 10:13:33', '2018-11-29 10:13:33', 1, 1),
(186, 67, 'Al-Omran', 2, '2018-11-29 10:13:37', '2018-11-29 10:13:37', 1, 1),
(187, 68, 'Al-Oyoon', 2, '2018-11-29 10:13:47', '2018-11-29 10:13:47', 1, 1),
(188, 69, 'Qadeimah', 2, '2018-11-29 10:13:50', '2018-11-29 10:13:50', 1, 1),
(189, 70, 'Qatif', 2, '2018-11-29 10:13:59', '2018-11-29 10:13:59', 1, 1),
(190, 71, 'Qaisumah', 2, '2018-11-29 10:14:02', '2018-11-29 10:14:02', 1, 1),
(191, 72, 'Al Qunfudhah', 2, '2018-11-29 10:14:07', '2018-11-29 10:14:07', 1, 1),
(192, 73, 'Rabigh', 2, '2018-11-29 10:14:12', '2018-11-29 10:14:12', 1, 1),
(193, 74, 'Rafha', 2, '2018-11-29 10:14:15', '2018-11-29 10:14:15', 1, 1),
(194, 75, 'Ar Rass', 2, '2018-11-29 10:14:19', '2018-11-29 10:14:19', 1, 1),
(195, 76, 'Ras Tanura', 2, '2018-11-29 10:14:23', '2018-11-29 10:14:23', 1, 1),
(196, 77, 'Riyadh', 2, '2018-11-29 10:14:37', '2018-11-29 10:14:37', 1, 1),
(197, 78, 'Riyadh Al-Khabra', 2, '2018-11-29 10:14:45', '2018-11-29 10:14:45', 1, 1),
(198, 79, 'Rumailah', 2, '2018-11-29 10:14:54', '2018-11-29 10:14:54', 1, 1),
(199, 80, 'Sabt Al Alaya', 2, '2018-11-29 10:15:35', '2018-11-29 10:15:35', 1, 1),
(200, 81, 'Sarat Abidah', 2, '2018-11-29 10:17:43', '2018-11-29 10:17:43', 1, 1),
(201, 82, 'Saihat', 2, '2018-11-29 10:17:47', '2018-11-29 10:17:47', 1, 1),
(202, 83, 'Safwa city', 2, '2018-11-29 10:17:51', '2018-11-29 10:17:51', 1, 1),
(203, 84, 'Sakakah', 2, '2018-11-29 10:18:58', '2018-11-29 10:18:58', 1, 1),
(204, 85, 'Sharurah', 2, '2018-11-29 10:19:03', '2018-11-29 10:19:03', 1, 1),
(205, 86, 'Shaqraa', 2, '2018-11-29 10:19:07', '2018-11-29 10:19:07', 1, 1),
(206, 87, 'Shaybah	', 2, '2018-11-29 10:19:11', '2018-11-29 10:19:11', 1, 1),
(207, 88, 'As Sulayyil', 2, '2018-11-29 10:19:16', '2018-11-29 10:19:16', 1, 1),
(208, 89, 'Taif', 2, '2018-11-29 10:19:27', '2018-11-29 10:19:27', 1, 1),
(209, 90, 'Tabuk', 2, '2018-11-29 10:19:30', '2018-11-29 10:19:30', 1, 1),
(210, 91, 'Tanomah', 2, '2018-11-29 10:19:33', '2018-11-29 10:19:33', 1, 1),
(211, 92, 'Tarout', 2, '2018-11-29 10:19:38', '2018-11-29 10:19:38', 1, 1),
(212, 93, 'Tayma', 2, '2018-11-29 10:19:45', '2018-11-29 10:19:45', 1, 1),
(213, 94, 'Thadiq', 2, '2018-11-29 10:19:50', '2018-11-29 10:19:50', 1, 1),
(214, 95, 'Thuwal', 2, '2018-11-29 10:19:59', '2018-11-29 10:19:59', 1, 1),
(215, 96, 'Thuqbah', 2, '2018-11-29 10:20:06', '2018-11-29 10:20:06', 1, 1),
(216, 97, 'Turaif', 2, '2018-11-29 10:20:11', '2018-11-29 10:20:11', 1, 1),
(217, 98, 'Tabarjal', 2, '2018-11-29 10:20:19', '2018-11-29 10:20:19', 1, 1),
(218, 99, 'Udhailiyah', 2, '2018-11-29 10:20:25', '2018-11-29 10:20:25', 1, 1),
(219, 100, 'Al-`Ula', 2, '2018-11-29 10:20:33', '2018-11-29 10:20:33', 1, 1),
(220, 101, 'Um Al-Sahek', 2, '2018-11-29 10:20:37', '2018-11-29 10:20:37', 1, 1),
(221, 102, 'Unaizah', 2, '2018-11-29 10:20:45', '2018-11-29 10:20:45', 1, 1),
(222, 103, 'Uqair', 2, '2018-11-29 10:20:52', '2018-11-29 10:20:52', 1, 1),
(223, 104, 'Uyayna', 2, '2018-11-29 10:20:56', '2018-11-29 10:20:56', 1, 1),
(224, 105, 'Uyun AlJiwa', 2, '2018-11-29 10:21:01', '2018-11-29 10:21:01', 1, 1),
(225, 106, 'Wadi Al-Dawasir', 2, '2018-11-29 10:21:11', '2018-11-29 10:21:11', 1, 1),
(226, 107, 'Al Wajh', 2, '2018-11-29 10:21:15', '2018-11-29 10:21:15', 1, 1),
(227, 108, 'Yanbu', 2, '2018-11-29 10:21:19', '2018-11-29 10:21:19', 1, 1),
(228, 109, 'Az Zaimah', 2, '2018-11-29 10:21:24', '2018-11-29 10:21:24', 1, 1),
(229, 110, 'Zulfi', 2, '2018-11-29 10:21:33', '2018-11-29 10:21:33', 1, 1);

-- --------------------------------------------------------

--
-- Table structure for table `countries`
--

CREATE TABLE `countries` (
  `CountryID` int(11) NOT NULL,
  `CountryCode` varchar(50) NOT NULL,
  `SortOrder` int(11) NOT NULL,
  `Hide` tinyint(4) NOT NULL,
  `IsActive` tinyint(4) NOT NULL,
  `CreatedAt` datetime NOT NULL,
  `UpdatedAt` datetime NOT NULL,
  `CreatedBy` int(11) NOT NULL,
  `UpdatedBy` int(11) NOT NULL
) ENGINE=InnoDB DEFAULT CHARSET=utf8;

--
-- Dumping data for table `countries`
--

INSERT INTO `countries` (`CountryID`, `CountryCode`, `SortOrder`, `Hide`, `IsActive`, `CreatedAt`, `UpdatedAt`, `CreatedBy`, `UpdatedBy`) VALUES
(1, 'PK', 0, 0, 1, '2018-10-03 22:17:19', '2018-10-03 22:17:19', 1, 1);

-- --------------------------------------------------------

--
-- Table structure for table `countries_text`
--

CREATE TABLE `countries_text` (
  `CountryTextID` int(11) NOT NULL,
  `CountryID` int(11) NOT NULL,
  `Title` varchar(255) NOT NULL,
  `SystemLanguageID` int(11) NOT NULL,
  `CreatedAt` datetime NOT NULL,
  `UpdatedAt` datetime NOT NULL,
  `CreatedBy` int(11) NOT NULL,
  `UpdatedBy` int(11) NOT NULL
) ENGINE=InnoDB DEFAULT CHARSET=utf8;

--
-- Dumping data for table `countries_text`
--

INSERT INTO `countries_text` (`CountryTextID`, `CountryID`, `Title`, `SystemLanguageID`, `CreatedAt`, `UpdatedAt`, `CreatedBy`, `UpdatedBy`) VALUES
(1, 1, 'Pakistan', 1, '2018-10-03 22:17:19', '2018-10-03 22:17:19', 1, 1);

-- --------------------------------------------------------

--
-- Table structure for table `email_templates`
--

CREATE TABLE `email_templates` (
  `Email_templateID` int(11) NOT NULL,
  `Image` varchar(255) NOT NULL,
  `SortOrder` int(11) NOT NULL,
  `Hide` tinyint(4) NOT NULL,
  `IsActive` tinyint(4) NOT NULL,
  `CreatedAt` datetime NOT NULL,
  `UpdatedAt` datetime NOT NULL,
  `CreatedBy` int(11) NOT NULL,
  `UpdatedBy` int(11) NOT NULL
) ENGINE=InnoDB DEFAULT CHARSET=utf8;

--
-- Dumping data for table `email_templates`
--

INSERT INTO `email_templates` (`Email_templateID`, `Image`, `SortOrder`, `Hide`, `IsActive`, `CreatedAt`, `UpdatedAt`, `CreatedBy`, `UpdatedBy`) VALUES
(1, 'uploads/email_templates/1210446676201807020635331.jpg', 0, 0, 1, '2018-07-02 17:08:45', '2018-07-02 18:33:35', 1, 1),
(4, 'uploads/email_templates/379150302201807020631102.jpg', 1, 0, 1, '2018-07-02 18:10:31', '2018-07-02 18:32:06', 1, 1),
(5, 'uploads/email_templates/414693546201807020612353.jpg', 2, 0, 1, '2018-07-02 18:35:12', '2018-07-02 18:35:12', 1, 1);

-- --------------------------------------------------------

--
-- Table structure for table `email_templates_text`
--

CREATE TABLE `email_templates_text` (
  `Email_templateTextID` int(11) NOT NULL,
  `Email_templateID` int(11) NOT NULL,
  `Title` varchar(255) NOT NULL,
  `Heading` varchar(255) NOT NULL,
  `Description` text NOT NULL,
  `SystemLanguageID` int(11) NOT NULL,
  `CreatedAt` datetime NOT NULL,
  `UpdatedAt` datetime NOT NULL,
  `CreatedBy` int(11) NOT NULL,
  `UpdatedBy` int(11) NOT NULL
) ENGINE=InnoDB DEFAULT CHARSET=utf8;

--
-- Dumping data for table `email_templates_text`
--

INSERT INTO `email_templates_text` (`Email_templateTextID`, `Email_templateID`, `Title`, `Heading`, `Description`, `SystemLanguageID`, `CreatedAt`, `UpdatedAt`, `CreatedBy`, `UpdatedBy`) VALUES
(1, 1, 'Template 1', 'Test', '<p><strong>Hi {{test1}} ,</strong></p>\r\n<p>This is a testing template body. This is a testing template body. This is a testing template body. This is a testing template body. This is a testing template body. This is a testing template body. This is a testing template body. This is a testing template body. This is a testing template body. This is a testing template body. This is a testing template body. This is a testing template body. This is a testing template body. This is a testing template body. This is a testing template body. This is a testing template body. This is a testing template body. This is a testing template body.&nbsp;</p>\r\n<p><strong>Thanks.</strong></p>', 1, '2018-07-02 17:08:45', '2018-07-02 18:33:35', 1, 1),
(4, 4, 'Template 2', 'Test 2', '<p><strong>Hi {{test}} ,</strong></p>\r\n<p>This is a testing template body. This is a testing template body. This is a testing template body. This is a testing template body. This is a testing template body. This is a testing template body. This is a testing template body. This is a testing template body. This is a testing template body. This is a testing template body. This is a testing template body. This is a testing template body. This is a testing template body. This is a testing template body. This is a testing template body. This is a testing template body. This is a testing template body. This is a testing template body.&nbsp;</p>\r\n<p><strong>Thanks.</strong></p>', 1, '2018-07-02 18:10:31', '2018-07-02 18:32:06', 1, 1),
(5, 5, 'Template 3', 'Test 3', '<p><strong>Hi {{test3}} ,</strong></p>\r\n<p>This is a testing description for third email template. This is a testing description for third email template. This is a testing description for third email template. This is a testing description for third email template. This is a testing description for third email template. This is a testing description for third email template. This is a testing description for third email template. This is a testing description for third email template. This is a testing description for third email template. This is a testing description for third email template. This is a testing description for third email template.&nbsp;</p>\r\n<p><strong>Thanks.</strong></p>', 1, '2018-07-02 18:35:12', '2018-07-02 18:35:12', 1, 1),
(6, 5, 'Templat 3', 'Test 2', '<p>&nbsp;sdf sdaf sdaf sf adf</p>\r\n<p>asdsad</p>', 2, '2018-07-02 18:36:55', '2018-07-02 18:41:16', 1, 1);

-- --------------------------------------------------------

--
-- Table structure for table `languages`
--

CREATE TABLE `languages` (
  `LanguageID` int(11) NOT NULL,
  `SortOrder` int(11) NOT NULL,
  `Hide` tinyint(4) NOT NULL,
  `IsActive` tinyint(4) NOT NULL,
  `CreatedAt` datetime NOT NULL,
  `UpdatedAt` datetime NOT NULL,
  `CreatedBy` int(11) NOT NULL,
  `UpdatedBy` int(11) NOT NULL
) ENGINE=InnoDB DEFAULT CHARSET=utf8;

-- --------------------------------------------------------

--
-- Table structure for table `mobile_verifications`
--

CREATE TABLE `mobile_verifications` (
  `MobileVerificationID` int(11) NOT NULL,
  `Mobile` varchar(255) NOT NULL,
  `Code` int(4) NOT NULL,
  `CreatedAt` datetime NOT NULL
) ENGINE=InnoDB DEFAULT CHARSET=latin1;

--
-- Dumping data for table `mobile_verifications`
--

INSERT INTO `mobile_verifications` (`MobileVerificationID`, `Mobile`, `Code`, `CreatedAt`) VALUES
(3, '03024475188', 5656, '2018-12-17 17:56:49'),
(8, '02313123123', 4441, '2018-12-18 10:25:39'),
(9, '0310231313', 6967, '2018-12-18 10:25:57'),
(14, '+966121212', 9721, '2018-12-18 11:00:15'),
(15, '+9661515153', 7716, '2018-12-18 11:01:56'),
(16, '8787', 9265, '2018-12-18 11:02:27'),
(18, '092313', 5314, '2018-12-18 11:03:46'),
(20, '0213123', 3434, '2018-12-18 11:07:29'),
(21, '+9663538382', 1375, '2018-12-18 11:10:27'),
(22, '+966591513', 8154, '2018-12-18 11:12:10'),
(24, '031312313', 6154, '2018-12-18 11:16:35'),
(25, '03045434', 9231, '2018-12-18 11:21:10'),
(26, '02313123', 8713, '2018-12-18 11:22:41'),
(27, '02312313', 3834, '2018-12-18 11:26:45'),
(28, '9908', 3791, '2018-12-18 11:27:21'),
(29, '+966nkn', 1746, '2018-12-18 11:27:29'),
(30, '0302313', 8727, '2018-12-18 11:30:44'),
(32, '023123', 4867, '2018-12-18 11:32:29'),
(33, '09898908', 6242, '2018-12-18 11:35:17'),
(34, '+9669898', 2389, '2018-12-18 11:38:18'),
(37, '+9662131', 3337, '2018-12-18 11:41:54'),
(39, '+96628468', 8214, '2018-12-18 12:11:12');

-- --------------------------------------------------------

--
-- Table structure for table `modules`
--

CREATE TABLE `modules` (
  `ModuleID` int(11) NOT NULL,
  `ParentID` int(11) NOT NULL DEFAULT '0',
  `IconClass` varchar(255) NOT NULL,
  `Slug` varchar(255) NOT NULL,
  `SortOrder` int(11) NOT NULL,
  `Hide` tinyint(4) NOT NULL,
  `IsActive` tinyint(4) NOT NULL,
  `CreatedAt` datetime NOT NULL,
  `UpdatedAt` datetime NOT NULL,
  `CreatedBy` int(11) NOT NULL,
  `UpdatedBy` int(11) NOT NULL
) ENGINE=InnoDB DEFAULT CHARSET=utf8;

--
-- Dumping data for table `modules`
--

INSERT INTO `modules` (`ModuleID`, `ParentID`, `IconClass`, `Slug`, `SortOrder`, `Hide`, `IsActive`, `CreatedAt`, `UpdatedAt`, `CreatedBy`, `UpdatedBy`) VALUES
(1, 0, 'settings', '#', 32, 0, 1, '2018-05-09 00:00:00', '2018-11-30 10:32:35', 1, 1),
(18, 1, ' mdi mdi-view-module', 'module', 0, 0, 1, '2018-04-19 15:22:06', '2018-04-19 15:22:06', 1, 1),
(22, 1, 'mdi mdi-yeast', 'role', 3, 0, 1, '2018-05-02 12:10:33', '2018-05-02 12:10:33', 1, 1),
(23, 0, 'face', 'user', 4, 0, 1, '2018-05-02 12:44:19', '2018-05-02 12:44:19', 1, 1),
(32, 1, 'mdi mdi-city', 'city', 7, 0, 1, '2018-05-03 14:01:59', '2018-05-03 14:01:59', 1, 1),
(35, 1, 'mdi mdi-city', 'district', 6, 0, 1, '2018-05-03 15:49:43', '2018-05-03 15:49:43', 1, 1),
(36, 1, 'settings', 'Site_setting', 8, 1, 1, '2018-06-21 20:24:33', '2018-06-21 20:24:33', 1, 1),
(39, 1, ' mdi mdi-email', 'email_template', 9, 1, 1, '2018-07-02 16:26:28', '2018-07-02 16:26:28', 1, 1),
(40, 1, 'mdi mdi-format-list-bulleted', 'language', 10, 1, 1, '2018-07-04 14:12:11', '2018-07-04 14:12:23', 1, 1),
(43, 0, 'apps', 'category', 3, 0, 1, '2018-10-05 00:00:00', '2018-11-30 09:30:09', 1, 1),
(44, 0, 'bookmarks', 'package', 3, 0, 1, '2018-12-17 07:07:41', '2018-12-17 07:07:41', 1, 1),
(45, 0, 'pages', 'page', 4, 0, 1, '2018-12-19 05:54:48', '2018-12-19 05:54:48', 1, 1),
(46, 0, 'shopping_cart', 'booking', 2, 0, 1, '2018-12-19 06:36:39', '2018-12-19 06:36:39', 1, 1),
(47, 46, '', 'booking/received', 6, 0, 1, '2018-12-21 09:19:50', '2018-12-21 09:19:50', 1, 1),
(48, 46, '', 'booking/assigned', 7, 0, 1, '2018-12-21 09:43:33', '2018-12-21 09:43:33', 1, 1),
(50, 46, '', 'booking/OnTheWay', 8, 0, 1, '2018-12-21 09:50:43', '2018-12-21 09:50:43', 1, 1),
(51, 46, '', 'booking/reached', 9, 0, 1, '2018-12-21 09:51:27', '2018-12-21 09:51:27', 1, 1),
(52, 46, '', 'booking/completed', 10, 0, 1, '2018-12-21 09:52:06', '2018-12-21 09:52:06', 1, 1),
(53, 46, '', 'booking/cancelled', 11, 0, 1, '2018-12-21 09:52:39', '2018-12-21 09:52:39', 1, 1),
(54, 46, '', 'booking', 5, 0, 1, '2018-12-21 11:00:54', '2018-12-21 11:00:54', 1, 1),
(55, 0, 'directions_car', 'vehicle', 6, 0, 1, '2018-12-24 07:12:54', '2018-12-24 07:12:54', 1, 1),
(56, 0, 'build', 'technician', 7, 0, 1, '2018-12-24 08:02:11', '2018-12-24 08:02:11', 1, 1);

-- --------------------------------------------------------

--
-- Table structure for table `modules_rights`
--

CREATE TABLE `modules_rights` (
  `ModuleRightID` int(11) NOT NULL,
  `ModuleID` int(11) NOT NULL,
  `RoleID` int(11) NOT NULL,
  `CanView` tinyint(4) NOT NULL,
  `CanAdd` tinyint(4) NOT NULL,
  `CanEdit` tinyint(4) NOT NULL,
  `CanDelete` tinyint(4) NOT NULL,
  `CreatedAt` datetime NOT NULL,
  `UpdatedAt` datetime NOT NULL,
  `CreatedBy` int(11) NOT NULL,
  `UpdatedBy` int(11) NOT NULL
) ENGINE=InnoDB DEFAULT CHARSET=utf8;

--
-- Dumping data for table `modules_rights`
--

INSERT INTO `modules_rights` (`ModuleRightID`, `ModuleID`, `RoleID`, `CanView`, `CanAdd`, `CanEdit`, `CanDelete`, `CreatedAt`, `UpdatedAt`, `CreatedBy`, `UpdatedBy`) VALUES
(13, 18, 1, 1, 1, 1, 1, '2018-04-19 15:22:06', '2018-06-29 17:44:17', 1, 1),
(17, 18, 2, 1, 1, 1, 1, '2018-05-02 11:37:19', '2018-05-02 11:37:19', 1, 1),
(20, 22, 1, 1, 1, 1, 1, '2018-05-02 12:10:33', '2018-06-29 17:44:17', 1, 1),
(21, 22, 2, 1, 1, 1, 1, '2018-05-02 12:10:33', '2018-05-02 12:10:33', 1, 1),
(22, 23, 1, 1, 1, 1, 1, '2018-05-02 12:44:19', '2018-06-29 17:44:17', 1, 1),
(23, 23, 2, 1, 1, 1, 1, '2018-05-02 12:44:19', '2018-05-02 12:44:19', 1, 1),
(40, 32, 1, 1, 1, 1, 1, '2018-05-03 14:01:59', '2018-06-29 17:44:17', 1, 1),
(41, 32, 2, 1, 1, 1, 1, '2018-05-03 14:01:59', '2018-05-03 14:01:59', 1, 1),
(46, 35, 1, 1, 1, 1, 1, '2018-05-03 15:49:43', '2018-06-29 17:44:17', 1, 1),
(47, 35, 2, 1, 1, 1, 1, '2018-05-03 15:49:43', '2018-05-03 15:49:43', 1, 1),
(52, 18, 3, 0, 0, 0, 0, '2018-05-04 17:33:54', '2018-06-29 17:44:36', 1, 1),
(54, 22, 3, 0, 0, 0, 0, '2018-05-04 17:33:54', '2018-06-29 17:44:36', 1, 1),
(55, 23, 3, 0, 0, 0, 0, '2018-05-04 17:33:54', '2018-06-29 17:44:36', 1, 1),
(56, 32, 3, 0, 0, 0, 0, '2018-05-04 17:33:54', '2018-06-29 17:44:36', 1, 1),
(57, 35, 3, 0, 0, 0, 0, '2018-05-04 17:33:54', '2018-06-29 17:44:36', 1, 1),
(74, 1, 3, 1, 1, 1, 1, '2018-05-09 12:20:50', '2018-06-29 17:44:36', 1, 1),
(75, 1, 2, 1, 1, 1, 1, '2018-05-09 12:20:50', '2018-05-09 12:20:50', 1, 1),
(76, 1, 1, 1, 1, 1, 1, '2018-05-09 12:20:50', '2018-06-29 17:44:17', 1, 1),
(77, 36, 1, 1, 1, 1, 1, '2018-02-12 16:32:10', '2018-06-29 17:44:17', 1, 1),
(78, 36, 2, 1, 1, 1, 1, '2018-06-29 13:51:40', '2018-06-29 13:51:40', 1, 1),
(79, 36, 3, 0, 0, 0, 0, '2018-06-29 09:34:16', '2018-06-29 17:44:36', 1, 1),
(86, 39, 1, 1, 1, 1, 1, '2018-07-02 16:26:28', '2018-07-02 16:26:28', 1, 1),
(87, 39, 2, 1, 1, 1, 1, '2018-07-02 16:26:28', '2018-07-02 16:26:28', 1, 1),
(88, 39, 3, 0, 0, 0, 0, '2018-07-02 16:26:28', '2018-07-02 16:26:28', 1, 1),
(89, 40, 1, 1, 1, 1, 1, '2018-07-04 14:12:11', '2018-07-04 14:12:11', 1, 1),
(90, 40, 2, 1, 1, 1, 1, '2018-07-04 14:12:11', '2018-07-04 14:12:11', 1, 1),
(91, 40, 3, 0, 0, 0, 0, '2018-07-04 14:12:11', '2018-07-04 14:12:11', 1, 1),
(98, 43, 1, 1, 1, 1, 1, '2018-10-03 19:48:40', '2018-10-04 21:47:28', 1, 1),
(99, 43, 2, 1, 1, 1, 1, '2018-10-03 19:48:40', '2018-10-03 19:48:40', 1, 1),
(100, 43, 3, 0, 0, 0, 0, '2018-10-03 19:48:40', '2018-10-03 19:48:40', 1, 1),
(111, 43, 4, 1, 1, 1, 1, '2018-10-04 20:15:57', '2018-10-04 20:15:57', 1, 1),
(112, 44, 1, 1, 1, 1, 1, '2018-12-17 07:07:41', '2018-12-17 07:07:41', 1, 1),
(113, 44, 2, 1, 1, 1, 1, '2018-12-17 07:07:41', '2018-12-17 07:07:41', 1, 1),
(114, 44, 3, 0, 0, 0, 0, '2018-12-17 07:07:41', '2018-12-17 07:07:41', 1, 1),
(115, 45, 1, 1, 1, 1, 1, '2018-12-19 05:54:48', '2018-12-19 05:54:48', 1, 1),
(116, 45, 2, 1, 1, 1, 1, '2018-12-19 05:54:48', '2018-12-19 05:54:48', 1, 1),
(117, 45, 3, 0, 0, 0, 0, '2018-12-19 05:54:48', '2018-12-19 05:54:48', 1, 1),
(118, 46, 1, 1, 1, 1, 1, '2018-12-19 06:36:39', '2018-12-19 06:36:39', 1, 1),
(119, 46, 2, 1, 1, 1, 1, '2018-12-19 06:36:39', '2018-12-19 06:36:39', 1, 1),
(120, 46, 3, 0, 0, 0, 0, '2018-12-19 06:36:39', '2018-12-19 06:36:39', 1, 1),
(121, 47, 1, 1, 1, 1, 1, '2018-12-21 09:19:50', '2018-12-21 09:19:50', 1, 1),
(122, 47, 2, 1, 1, 1, 1, '2018-12-21 09:19:50', '2018-12-21 09:19:50', 1, 1),
(123, 47, 3, 0, 0, 0, 0, '2018-12-21 09:19:50', '2018-12-21 09:19:50', 1, 1),
(124, 48, 1, 1, 1, 1, 1, '2018-12-21 09:43:33', '2018-12-21 09:43:33', 1, 1),
(125, 48, 2, 1, 1, 1, 1, '2018-12-21 09:43:33', '2018-12-21 09:43:33', 1, 1),
(126, 48, 3, 0, 0, 0, 0, '2018-12-21 09:43:33', '2018-12-21 09:43:33', 1, 1),
(130, 50, 1, 1, 1, 1, 1, '2018-12-21 09:50:43', '2018-12-21 09:50:43', 1, 1),
(131, 50, 2, 1, 1, 1, 1, '2018-12-21 09:50:43', '2018-12-21 09:50:43', 1, 1),
(132, 50, 3, 0, 0, 0, 0, '2018-12-21 09:50:43', '2018-12-21 09:50:43', 1, 1),
(133, 51, 1, 1, 1, 1, 1, '2018-12-21 09:51:27', '2018-12-21 09:51:27', 1, 1),
(134, 51, 2, 1, 1, 1, 1, '2018-12-21 09:51:27', '2018-12-21 09:51:27', 1, 1),
(135, 51, 3, 0, 0, 0, 0, '2018-12-21 09:51:27', '2018-12-21 09:51:27', 1, 1),
(136, 52, 1, 1, 1, 1, 1, '2018-12-21 09:52:06', '2018-12-21 09:52:06', 1, 1),
(137, 52, 2, 1, 1, 1, 1, '2018-12-21 09:52:06', '2018-12-21 09:52:06', 1, 1),
(138, 52, 3, 0, 0, 0, 0, '2018-12-21 09:52:06', '2018-12-21 09:52:06', 1, 1),
(139, 53, 1, 1, 1, 1, 1, '2018-12-21 09:52:39', '2018-12-21 09:52:39', 1, 1),
(140, 53, 2, 1, 1, 1, 1, '2018-12-21 09:52:39', '2018-12-21 09:52:39', 1, 1),
(141, 53, 3, 0, 0, 0, 0, '2018-12-21 09:52:39', '2018-12-21 09:52:39', 1, 1),
(142, 54, 1, 1, 1, 1, 1, '2018-12-21 11:00:54', '2018-12-21 11:00:54', 1, 1),
(143, 54, 2, 1, 1, 1, 1, '2018-12-21 11:00:54', '2018-12-21 11:00:54', 1, 1),
(144, 54, 3, 0, 0, 0, 0, '2018-12-21 11:00:54', '2018-12-21 11:00:54', 1, 1),
(145, 55, 1, 1, 1, 1, 1, '2018-12-24 07:12:54', '2018-12-24 07:12:54', 1, 1),
(146, 55, 2, 1, 1, 1, 1, '2018-12-24 07:12:54', '2018-12-24 07:12:54', 1, 1),
(147, 55, 3, 0, 0, 0, 0, '2018-12-24 07:12:54', '2018-12-24 07:12:54', 1, 1),
(148, 56, 1, 1, 1, 1, 1, '2018-12-24 08:02:11', '2018-12-24 08:02:11', 1, 1),
(149, 56, 2, 1, 1, 1, 1, '2018-12-24 08:02:11', '2018-12-24 08:02:11', 1, 1),
(150, 56, 3, 0, 0, 0, 0, '2018-12-24 08:02:11', '2018-12-24 08:02:11', 1, 1);

-- --------------------------------------------------------

--
-- Table structure for table `modules_text`
--

CREATE TABLE `modules_text` (
  `ModuleTextID` int(11) NOT NULL,
  `ModuleID` int(11) NOT NULL,
  `Title` varchar(255) NOT NULL,
  `SystemLanguageID` int(11) NOT NULL,
  `CreatedAt` datetime NOT NULL,
  `UpdatedAt` datetime NOT NULL,
  `CreatedBy` int(11) NOT NULL,
  `UpdatedBy` int(11) NOT NULL
) ENGINE=InnoDB DEFAULT CHARSET=utf8;

--
-- Dumping data for table `modules_text`
--

INSERT INTO `modules_text` (`ModuleTextID`, `ModuleID`, `Title`, `SystemLanguageID`, `CreatedAt`, `UpdatedAt`, `CreatedBy`, `UpdatedBy`) VALUES
(1, 18, 'Module', 1, '2018-04-19 15:22:06', '2018-04-19 15:22:06', 1, 1),
(5, 22, 'Roles', 1, '2018-05-02 12:10:33', '2018-05-02 12:10:33', 1, 1),
(6, 23, 'Users', 1, '2018-05-02 12:44:19', '2018-05-02 12:44:19', 1, 1),
(15, 32, 'City', 1, '2018-05-03 14:01:59', '2018-05-03 14:01:59', 1, 1),
(18, 35, 'District', 1, '2018-05-03 15:49:43', '2018-05-03 15:49:43', 1, 1),
(26, 1, 'Settings', 1, '2018-05-09 00:00:00', '2018-11-30 10:32:35', 1, 1),
(27, 36, 'Site Setting', 1, '2018-06-29 07:34:18', '2018-06-29 07:34:18', 1, 1),
(30, 39, 'Email Templates', 1, '2018-07-02 16:26:28', '2018-07-02 16:26:28', 1, 1),
(31, 40, 'Languages ', 1, '2018-07-04 14:12:11', '2018-07-04 14:12:23', 1, 1),
(32, 43, 'Categories', 1, '2018-10-05 00:00:00', '2018-11-30 09:30:09', 1, 1),
(33, 44, 'Packages', 1, '2018-12-17 07:07:41', '2018-12-17 07:07:41', 1, 1),
(34, 45, 'Pages', 1, '2018-12-19 05:54:48', '2018-12-19 05:54:48', 1, 1),
(35, 46, 'Bookings', 1, '2018-12-19 06:36:39', '2018-12-19 06:36:39', 1, 1),
(36, 47, 'Newly Received', 1, '2018-12-21 09:19:50', '2018-12-21 09:19:50', 1, 1),
(37, 48, 'Assigned', 1, '2018-12-21 09:43:33', '2018-12-21 09:43:33', 1, 1),
(39, 50, 'On The Way', 1, '2018-12-21 09:50:43', '2018-12-21 09:50:43', 1, 1),
(40, 51, 'Reached', 1, '2018-12-21 09:51:27', '2018-12-21 09:51:27', 1, 1),
(41, 52, 'Completed', 1, '2018-12-21 09:52:06', '2018-12-21 09:52:06', 1, 1),
(42, 53, 'Cancelled', 1, '2018-12-21 09:52:39', '2018-12-21 09:52:39', 1, 1),
(43, 54, 'All Bookings', 1, '2018-12-21 11:00:54', '2018-12-21 11:00:54', 1, 1),
(44, 55, 'Vehicles', 1, '2018-12-24 07:12:54', '2018-12-24 07:12:54', 1, 1),
(45, 56, 'Technicians', 1, '2018-12-24 08:02:11', '2018-12-24 08:02:11', 1, 1);

-- --------------------------------------------------------

--
-- Table structure for table `modules_users_rights`
--

CREATE TABLE `modules_users_rights` (
  `ModuleRightID` int(11) NOT NULL,
  `ModuleID` int(11) NOT NULL,
  `UserID` int(11) NOT NULL,
  `CanView` tinyint(4) NOT NULL,
  `CanAdd` tinyint(4) NOT NULL,
  `CanEdit` tinyint(4) NOT NULL,
  `CanDelete` tinyint(4) NOT NULL,
  `CreatedAt` datetime NOT NULL,
  `UpdatedAt` datetime NOT NULL,
  `CreatedBy` int(11) NOT NULL,
  `UpdatedBy` int(11) NOT NULL
) ENGINE=InnoDB DEFAULT CHARSET=utf8;

--
-- Dumping data for table `modules_users_rights`
--

INSERT INTO `modules_users_rights` (`ModuleRightID`, `ModuleID`, `UserID`, `CanView`, `CanAdd`, `CanEdit`, `CanDelete`, `CreatedAt`, `UpdatedAt`, `CreatedBy`, `UpdatedBy`) VALUES
(10, 1, 7, 0, 0, 0, 0, '2018-06-28 10:55:57', '2018-06-28 11:21:04', 1, 1),
(11, 18, 7, 0, 0, 0, 0, '2018-06-28 10:55:57', '2018-06-28 11:21:04', 1, 1),
(12, 22, 7, 0, 0, 0, 0, '2018-06-28 10:55:57', '2018-06-28 11:21:04', 1, 1),
(13, 23, 7, 1, 1, 1, 1, '2018-06-28 10:55:57', '2018-06-28 11:21:04', 1, 1),
(14, 32, 7, 1, 1, 1, 1, '2018-06-28 10:55:57', '2018-06-28 11:21:04', 1, 1),
(15, 35, 7, 0, 0, 0, 0, '2018-06-28 10:55:57', '2018-06-28 11:21:04', 1, 1),
(16, 36, 7, 1, 1, 1, 1, '2018-06-29 12:42:13', '2018-06-29 12:42:13', 1, 1),
(17, 1, 1, 1, 1, 1, 0, '2018-06-28 10:55:57', '2018-12-20 08:27:27', 1, 1),
(18, 18, 1, 1, 1, 1, 1, '2018-06-28 10:55:57', '2018-12-20 08:27:27', 1, 1),
(19, 22, 1, 1, 1, 1, 1, '2018-06-28 10:55:57', '2018-12-20 08:27:27', 1, 1),
(20, 23, 1, 1, 1, 1, 1, '2018-06-28 10:55:57', '2018-12-20 08:27:27', 1, 1),
(21, 32, 1, 1, 1, 1, 1, '2018-06-28 10:55:57', '2018-12-20 08:27:27', 1, 1),
(22, 35, 1, 1, 1, 1, 1, '2018-06-28 10:55:57', '2018-12-20 08:27:27', 1, 1),
(23, 36, 1, 1, 1, 1, 1, '2018-06-29 12:42:13', '2018-06-29 12:42:13', 1, 1),
(28, 39, 1, 1, 1, 1, 1, '2018-07-02 16:26:28', '2018-07-02 16:26:28', 1, 1),
(29, 39, 7, 0, 0, 0, 0, '2018-07-02 16:26:28', '2018-07-02 16:26:28', 1, 1),
(30, 40, 1, 1, 1, 1, 1, '2018-07-04 14:12:11', '2018-07-04 14:12:11', 1, 1),
(31, 40, 7, 0, 0, 0, 0, '2018-07-04 14:12:11', '2018-07-04 14:12:11', 1, 1),
(48, 43, 1, 1, 1, 1, 1, '2018-10-03 19:48:40', '2018-12-20 08:27:27', 1, 1),
(115, 43, 32, 0, 0, 0, 0, '2018-10-04 21:51:22', '2018-10-04 21:52:17', 1, 1),
(123, 45, 1, 1, 1, 1, 1, '2018-10-09 07:12:05', '2018-12-20 08:27:27', 1, 1),
(124, 45, 39, 1, 1, 1, 1, '2018-10-09 07:12:05', '2018-10-09 07:12:05', 1, 1),
(125, 45, 40, 1, 1, 1, 1, '2018-10-09 07:12:05', '2018-10-09 07:12:05', 1, 1),
(126, 45, 41, 1, 1, 1, 1, '2018-10-09 07:12:05', '2018-10-09 07:12:05', 1, 1),
(127, 45, 42, 1, 1, 1, 1, '2018-10-09 07:12:05', '2018-10-09 07:12:05', 1, 1),
(128, 45, 43, 1, 1, 1, 1, '2018-10-09 07:12:05', '2018-10-09 07:12:05', 1, 1),
(129, 45, 44, 1, 1, 1, 1, '2018-10-09 07:12:05', '2018-10-09 07:12:05', 1, 1),
(130, 47, 1, 1, 1, 1, 1, '2018-11-01 06:32:12', '2018-11-01 07:04:07', 1, 1),
(131, 47, 51, 1, 1, 1, 1, '2018-11-01 06:32:12', '2018-11-01 06:32:12', 1, 1),
(132, 47, 52, 1, 1, 1, 1, '2018-11-01 06:32:12', '2018-11-01 06:32:12', 1, 1),
(133, 47, 53, 1, 1, 1, 1, '2018-11-01 06:32:12', '2018-11-01 06:32:12', 1, 1),
(134, 47, 54, 1, 1, 1, 1, '2018-11-01 06:32:12', '2018-11-01 06:32:12', 1, 1),
(135, 47, 55, 1, 1, 1, 1, '2018-11-01 06:32:12', '2018-11-01 06:32:12', 1, 1),
(136, 47, 56, 1, 1, 1, 1, '2018-11-01 06:32:12', '2018-11-01 06:32:12', 1, 1),
(137, 47, 57, 1, 1, 1, 1, '2018-11-01 06:32:12', '2018-11-01 06:32:12', 1, 1),
(138, 47, 58, 1, 1, 1, 1, '2018-11-01 06:32:12', '2018-11-01 06:32:12', 1, 1),
(139, 47, 59, 1, 1, 1, 1, '2018-11-01 06:32:12', '2018-11-01 06:32:12', 1, 1),
(140, 47, 60, 1, 1, 1, 1, '2018-11-01 06:32:12', '2018-11-01 06:32:12', 1, 1),
(141, 47, 61, 1, 1, 1, 1, '2018-11-01 06:32:12', '2018-11-01 06:32:12', 1, 1),
(142, 47, 62, 1, 1, 1, 1, '2018-11-01 06:32:12', '2018-11-01 06:32:12', 1, 1),
(143, 46, 1, 1, 1, 1, 1, '2018-11-01 06:32:12', '2018-12-20 08:27:27', 1, 1),
(144, 48, 1, 1, 1, 1, 1, '2018-11-01 07:29:59', '2018-11-01 07:29:59', 1, 1),
(145, 48, 51, 1, 1, 1, 1, '2018-11-01 07:29:59', '2018-11-01 07:29:59', 1, 1),
(146, 48, 52, 1, 1, 1, 1, '2018-11-01 07:29:59', '2018-11-01 07:29:59', 1, 1),
(147, 48, 53, 1, 1, 1, 1, '2018-11-01 07:29:59', '2018-11-01 07:29:59', 1, 1),
(148, 48, 54, 1, 1, 1, 1, '2018-11-01 07:29:59', '2018-11-01 07:29:59', 1, 1),
(149, 48, 55, 1, 1, 1, 1, '2018-11-01 07:29:59', '2018-11-01 07:29:59', 1, 1),
(150, 48, 56, 1, 1, 1, 1, '2018-11-01 07:29:59', '2018-11-01 07:29:59', 1, 1),
(151, 48, 57, 1, 1, 1, 1, '2018-11-01 07:29:59', '2018-11-01 07:29:59', 1, 1),
(152, 48, 58, 1, 1, 1, 1, '2018-11-01 07:29:59', '2018-11-01 07:29:59', 1, 1),
(153, 48, 59, 1, 1, 1, 1, '2018-11-01 07:29:59', '2018-11-01 07:29:59', 1, 1),
(154, 48, 60, 1, 1, 1, 1, '2018-11-01 07:29:59', '2018-11-01 07:29:59', 1, 1),
(155, 48, 61, 1, 1, 1, 1, '2018-11-01 07:29:59', '2018-11-01 07:29:59', 1, 1),
(156, 48, 62, 1, 1, 1, 1, '2018-11-01 07:29:59', '2018-11-01 07:29:59', 1, 1),
(170, 50, 1, 1, 1, 1, 1, '2018-11-15 08:35:05', '2018-11-15 08:35:05', 1, 1),
(171, 50, 51, 1, 1, 1, 1, '2018-11-15 08:35:05', '2018-11-15 08:35:05', 1, 1),
(172, 50, 52, 1, 1, 1, 1, '2018-11-15 08:35:05', '2018-11-15 08:35:05', 1, 1),
(173, 50, 53, 1, 1, 1, 1, '2018-11-15 08:35:05', '2018-11-15 08:35:05', 1, 1),
(174, 50, 54, 1, 1, 1, 1, '2018-11-15 08:35:05', '2018-11-15 08:35:05', 1, 1),
(175, 50, 55, 1, 1, 1, 1, '2018-11-15 08:35:05', '2018-11-15 08:35:05', 1, 1),
(176, 50, 56, 1, 1, 1, 1, '2018-11-15 08:35:05', '2018-11-15 08:35:05', 1, 1),
(177, 50, 57, 1, 1, 1, 1, '2018-11-15 08:35:05', '2018-11-15 08:35:05', 1, 1),
(178, 50, 58, 1, 1, 1, 1, '2018-11-15 08:35:05', '2018-11-15 08:35:05', 1, 1),
(179, 50, 59, 1, 1, 1, 1, '2018-11-15 08:35:05', '2018-11-15 08:35:05', 1, 1),
(180, 50, 60, 1, 1, 1, 1, '2018-11-15 08:35:05', '2018-11-15 08:35:05', 1, 1),
(181, 50, 61, 1, 1, 1, 1, '2018-11-15 08:35:05', '2018-11-15 08:35:05', 1, 1),
(182, 50, 62, 1, 1, 1, 1, '2018-11-15 08:35:05', '2018-11-15 08:35:05', 1, 1),
(183, 50, 63, 1, 1, 1, 1, '2018-11-15 08:35:05', '2018-11-15 08:35:05', 1, 1),
(184, 50, 64, 1, 1, 1, 1, '2018-11-15 08:35:05', '2018-11-15 08:35:05', 1, 1),
(185, 50, 65, 1, 1, 1, 1, '2018-11-15 08:35:05', '2018-11-15 08:35:05', 1, 1),
(186, 50, 66, 1, 1, 1, 1, '2018-11-15 08:35:05', '2018-11-15 08:35:05', 1, 1),
(187, 50, 67, 1, 1, 1, 1, '2018-11-15 08:35:05', '2018-11-15 08:35:05', 1, 1),
(188, 50, 68, 1, 1, 1, 1, '2018-11-15 08:35:05', '2018-11-15 08:35:05', 1, 1),
(189, 51, 1, 1, 1, 1, 1, '2018-11-15 10:21:49', '2018-11-15 10:21:49', 1, 1),
(190, 51, 51, 1, 1, 1, 1, '2018-11-15 10:21:49', '2018-11-15 10:21:49', 1, 1),
(191, 51, 52, 1, 1, 1, 1, '2018-11-15 10:21:49', '2018-11-15 10:21:49', 1, 1),
(192, 51, 53, 1, 1, 1, 1, '2018-11-15 10:21:49', '2018-11-15 10:21:49', 1, 1),
(193, 51, 54, 1, 1, 1, 1, '2018-11-15 10:21:49', '2018-11-15 10:21:49', 1, 1),
(194, 51, 55, 1, 1, 1, 1, '2018-11-15 10:21:49', '2018-11-15 10:21:49', 1, 1),
(195, 51, 56, 1, 1, 1, 1, '2018-11-15 10:21:49', '2018-11-15 10:21:49', 1, 1),
(196, 51, 57, 1, 1, 1, 1, '2018-11-15 10:21:49', '2018-11-15 10:21:49', 1, 1),
(197, 51, 58, 1, 1, 1, 1, '2018-11-15 10:21:49', '2018-11-15 10:21:49', 1, 1),
(198, 51, 59, 1, 1, 1, 1, '2018-11-15 10:21:49', '2018-11-15 10:21:49', 1, 1),
(199, 51, 60, 1, 1, 1, 1, '2018-11-15 10:21:49', '2018-11-15 10:21:49', 1, 1),
(200, 51, 61, 1, 1, 1, 1, '2018-11-15 10:21:49', '2018-11-15 10:21:49', 1, 1),
(201, 51, 62, 1, 1, 1, 1, '2018-11-15 10:21:49', '2018-11-15 10:21:49', 1, 1),
(202, 51, 63, 1, 1, 1, 1, '2018-11-15 10:21:49', '2018-11-15 10:21:49', 1, 1),
(203, 51, 64, 1, 1, 1, 1, '2018-11-15 10:21:49', '2018-11-15 10:21:49', 1, 1),
(204, 51, 65, 1, 1, 1, 1, '2018-11-15 10:21:49', '2018-11-15 10:21:49', 1, 1),
(205, 51, 66, 1, 1, 1, 1, '2018-11-15 10:21:49', '2018-11-15 10:21:49', 1, 1),
(206, 51, 67, 1, 1, 1, 1, '2018-11-15 10:21:49', '2018-11-15 10:21:49', 1, 1),
(207, 51, 68, 1, 1, 1, 1, '2018-11-15 10:21:49', '2018-11-15 10:21:49', 1, 1),
(208, 52, 1, 1, 1, 1, 1, '2018-11-16 11:22:54', '2018-11-16 11:22:54', 1, 1),
(209, 52, 51, 1, 1, 1, 1, '2018-11-16 11:22:54', '2018-11-16 11:22:54', 1, 1),
(210, 52, 52, 1, 1, 1, 1, '2018-11-16 11:22:54', '2018-11-16 11:22:54', 1, 1),
(211, 52, 53, 1, 1, 1, 1, '2018-11-16 11:22:54', '2018-11-16 11:22:54', 1, 1),
(212, 52, 54, 1, 1, 1, 1, '2018-11-16 11:22:54', '2018-11-16 11:22:54', 1, 1),
(213, 52, 55, 1, 1, 1, 1, '2018-11-16 11:22:54', '2018-11-16 11:22:54', 1, 1),
(214, 52, 56, 1, 1, 1, 1, '2018-11-16 11:22:54', '2018-11-16 11:22:54', 1, 1),
(215, 52, 57, 1, 1, 1, 1, '2018-11-16 11:22:54', '2018-11-16 11:22:54', 1, 1),
(216, 52, 58, 1, 1, 1, 1, '2018-11-16 11:22:54', '2018-11-16 11:22:54', 1, 1),
(217, 52, 59, 1, 1, 1, 1, '2018-11-16 11:22:54', '2018-11-16 11:22:54', 1, 1),
(218, 52, 60, 1, 1, 1, 1, '2018-11-16 11:22:54', '2018-11-16 11:22:54', 1, 1),
(219, 52, 61, 1, 1, 1, 1, '2018-11-16 11:22:54', '2018-11-16 11:22:54', 1, 1),
(220, 52, 62, 1, 1, 1, 1, '2018-11-16 11:22:54', '2018-11-16 11:22:54', 1, 1),
(221, 52, 63, 1, 1, 1, 1, '2018-11-16 11:22:54', '2018-11-16 11:22:54', 1, 1),
(222, 52, 64, 1, 1, 1, 1, '2018-11-16 11:22:54', '2018-11-16 11:22:54', 1, 1),
(223, 52, 65, 1, 1, 1, 1, '2018-11-16 11:22:54', '2018-11-16 11:22:54', 1, 1),
(224, 52, 66, 1, 1, 1, 1, '2018-11-16 11:22:54', '2018-11-16 11:22:54', 1, 1),
(225, 52, 67, 1, 1, 1, 1, '2018-11-16 11:22:54', '2018-11-16 11:22:54', 1, 1),
(226, 52, 68, 1, 1, 1, 1, '2018-11-16 11:22:54', '2018-11-16 11:22:54', 1, 1),
(227, 53, 1, 1, 1, 1, 1, '2018-11-19 07:30:34', '2018-11-19 07:30:34', 1, 1),
(228, 53, 51, 1, 1, 1, 1, '2018-11-19 07:30:34', '2018-11-19 07:30:34', 1, 1),
(229, 53, 52, 1, 1, 1, 1, '2018-11-19 07:30:34', '2018-11-19 07:30:34', 1, 1),
(230, 53, 53, 1, 1, 1, 1, '2018-11-19 07:30:34', '2018-11-19 07:30:34', 1, 1),
(231, 53, 54, 1, 1, 1, 1, '2018-11-19 07:30:34', '2018-11-19 07:30:34', 1, 1),
(232, 53, 55, 1, 1, 1, 1, '2018-11-19 07:30:34', '2018-11-19 07:30:34', 1, 1),
(233, 53, 56, 1, 1, 1, 1, '2018-11-19 07:30:34', '2018-11-19 07:30:34', 1, 1),
(234, 53, 57, 1, 1, 1, 1, '2018-11-19 07:30:34', '2018-11-19 07:30:34', 1, 1),
(235, 53, 58, 1, 1, 1, 1, '2018-11-19 07:30:34', '2018-11-19 07:30:34', 1, 1),
(236, 53, 59, 1, 1, 1, 1, '2018-11-19 07:30:34', '2018-11-19 07:30:34', 1, 1),
(237, 53, 60, 1, 1, 1, 1, '2018-11-19 07:30:34', '2018-11-19 07:30:34', 1, 1),
(238, 53, 61, 1, 1, 1, 1, '2018-11-19 07:30:34', '2018-11-19 07:30:34', 1, 1),
(239, 53, 62, 1, 1, 1, 1, '2018-11-19 07:30:34', '2018-11-19 07:30:34', 1, 1),
(240, 53, 63, 1, 1, 1, 1, '2018-11-19 07:30:34', '2018-11-19 07:30:34', 1, 1),
(241, 53, 64, 1, 1, 1, 1, '2018-11-19 07:30:34', '2018-11-19 07:30:34', 1, 1),
(242, 53, 65, 1, 1, 1, 1, '2018-11-19 07:30:34', '2018-11-19 07:30:34', 1, 1),
(243, 53, 66, 1, 1, 1, 1, '2018-11-19 07:30:34', '2018-11-19 07:30:34', 1, 1),
(244, 53, 67, 1, 1, 1, 1, '2018-11-19 07:30:34', '2018-11-19 07:30:34', 1, 1),
(245, 53, 68, 1, 1, 1, 1, '2018-11-19 07:30:34', '2018-11-19 07:30:34', 1, 1),
(246, 53, 69, 1, 1, 1, 1, '2018-11-19 07:30:34', '2018-11-19 07:30:34', 1, 1),
(247, 54, 1, 1, 1, 1, 1, '2018-11-22 07:40:38', '2018-11-22 07:40:38', 1, 1),
(248, 54, 51, 1, 1, 1, 1, '2018-11-22 07:40:38', '2018-11-22 07:40:38', 1, 1),
(249, 54, 52, 1, 1, 1, 1, '2018-11-22 07:40:38', '2018-11-22 07:40:38', 1, 1),
(250, 54, 53, 1, 1, 1, 1, '2018-11-22 07:40:38', '2018-11-22 07:40:38', 1, 1),
(251, 54, 54, 1, 1, 1, 1, '2018-11-22 07:40:38', '2018-11-22 07:40:38', 1, 1),
(252, 54, 55, 1, 1, 1, 1, '2018-11-22 07:40:38', '2018-11-22 07:40:38', 1, 1),
(253, 54, 56, 1, 1, 1, 1, '2018-11-22 07:40:38', '2018-11-22 07:40:38', 1, 1),
(254, 54, 57, 1, 1, 1, 1, '2018-11-22 07:40:38', '2018-11-22 07:40:38', 1, 1),
(255, 54, 58, 1, 1, 1, 1, '2018-11-22 07:40:38', '2018-11-22 07:40:38', 1, 1),
(256, 54, 59, 1, 1, 1, 1, '2018-11-22 07:40:38', '2018-11-22 07:40:38', 1, 1),
(257, 54, 60, 1, 1, 1, 1, '2018-11-22 07:40:38', '2018-11-22 07:40:38', 1, 1),
(258, 54, 61, 1, 1, 1, 1, '2018-11-22 07:40:38', '2018-11-22 07:40:38', 1, 1),
(259, 54, 62, 1, 1, 1, 1, '2018-11-22 07:40:38', '2018-11-22 07:40:38', 1, 1),
(260, 54, 63, 1, 1, 1, 1, '2018-11-22 07:40:38', '2018-11-22 07:40:38', 1, 1),
(261, 54, 64, 1, 1, 1, 1, '2018-11-22 07:40:38', '2018-11-22 07:40:38', 1, 1),
(262, 54, 65, 1, 1, 1, 1, '2018-11-22 07:40:38', '2018-11-22 07:40:38', 1, 1),
(263, 54, 66, 1, 1, 1, 1, '2018-11-22 07:40:38', '2018-11-22 07:40:38', 1, 1),
(264, 54, 67, 1, 1, 1, 1, '2018-11-22 07:40:38', '2018-11-22 07:40:38', 1, 1),
(265, 54, 68, 1, 1, 1, 1, '2018-11-22 07:40:38', '2018-11-22 07:40:38', 1, 1),
(266, 54, 69, 1, 1, 1, 1, '2018-11-22 07:40:38', '2018-11-22 07:40:38', 1, 1),
(267, 55, 1, 1, 1, 1, 1, '2018-11-22 13:47:48', '2018-11-22 13:47:48', 1, 1),
(268, 55, 51, 1, 1, 1, 1, '2018-11-22 13:47:48', '2018-11-22 13:47:48', 1, 1),
(269, 55, 52, 1, 1, 1, 1, '2018-11-22 13:47:48', '2018-11-22 13:47:48', 1, 1),
(270, 55, 53, 1, 1, 1, 1, '2018-11-22 13:47:48', '2018-11-22 13:47:48', 1, 1),
(271, 55, 54, 1, 1, 1, 1, '2018-11-22 13:47:48', '2018-11-22 13:47:48', 1, 1),
(272, 55, 55, 1, 1, 1, 1, '2018-11-22 13:47:48', '2018-11-22 13:47:48', 1, 1),
(273, 55, 56, 1, 1, 1, 1, '2018-11-22 13:47:48', '2018-11-22 13:47:48', 1, 1),
(274, 55, 57, 1, 1, 1, 1, '2018-11-22 13:47:48', '2018-11-22 13:47:48', 1, 1),
(275, 55, 58, 1, 1, 1, 1, '2018-11-22 13:47:48', '2018-11-22 13:47:48', 1, 1),
(276, 55, 59, 1, 1, 1, 1, '2018-11-22 13:47:48', '2018-11-22 13:47:48', 1, 1),
(277, 55, 60, 1, 1, 1, 1, '2018-11-22 13:47:48', '2018-11-22 13:47:48', 1, 1),
(278, 55, 61, 1, 1, 1, 1, '2018-11-22 13:47:48', '2018-11-22 13:47:48', 1, 1),
(279, 55, 62, 1, 1, 1, 1, '2018-11-22 13:47:48', '2018-11-22 13:47:48', 1, 1),
(280, 55, 63, 1, 1, 1, 1, '2018-11-22 13:47:48', '2018-11-22 13:47:48', 1, 1),
(281, 55, 64, 1, 1, 1, 1, '2018-11-22 13:47:48', '2018-11-22 13:47:48', 1, 1),
(282, 55, 65, 1, 1, 1, 1, '2018-11-22 13:47:48', '2018-11-22 13:47:48', 1, 1),
(283, 55, 66, 1, 1, 1, 1, '2018-11-22 13:47:48', '2018-11-22 13:47:48', 1, 1),
(284, 55, 67, 1, 1, 1, 1, '2018-11-22 13:47:48', '2018-11-22 13:47:48', 1, 1),
(285, 55, 68, 1, 1, 1, 1, '2018-11-22 13:47:48', '2018-11-22 13:47:48', 1, 1),
(286, 55, 69, 1, 1, 1, 1, '2018-11-22 13:47:48', '2018-11-22 13:47:48', 1, 1),
(287, 56, 1, 1, 1, 1, 1, '2018-11-26 12:55:27', '2018-11-26 12:55:27', 1, 1),
(288, 56, 51, 1, 1, 1, 1, '2018-11-26 12:55:27', '2018-11-26 12:55:27', 1, 1),
(289, 56, 52, 1, 1, 1, 1, '2018-11-26 12:55:27', '2018-11-26 12:55:27', 1, 1),
(290, 56, 53, 1, 1, 1, 1, '2018-11-26 12:55:27', '2018-11-26 12:55:27', 1, 1),
(291, 56, 54, 1, 1, 1, 1, '2018-11-26 12:55:27', '2018-11-26 12:55:27', 1, 1),
(292, 56, 55, 1, 1, 1, 1, '2018-11-26 12:55:27', '2018-11-26 12:55:27', 1, 1),
(293, 56, 56, 1, 1, 1, 1, '2018-11-26 12:55:27', '2018-11-26 12:55:27', 1, 1),
(294, 56, 57, 1, 1, 1, 1, '2018-11-26 12:55:27', '2018-11-26 12:55:27', 1, 1),
(295, 56, 58, 1, 1, 1, 1, '2018-11-26 12:55:27', '2018-11-26 12:55:27', 1, 1),
(296, 56, 59, 1, 1, 1, 1, '2018-11-26 12:55:27', '2018-11-26 12:55:27', 1, 1),
(297, 56, 60, 1, 1, 1, 1, '2018-11-26 12:55:27', '2018-11-26 12:55:27', 1, 1),
(298, 56, 61, 1, 1, 1, 1, '2018-11-26 12:55:27', '2018-11-26 12:55:27', 1, 1),
(299, 56, 62, 1, 1, 1, 1, '2018-11-26 12:55:27', '2018-11-26 12:55:27', 1, 1),
(300, 56, 63, 1, 1, 1, 1, '2018-11-26 12:55:27', '2018-11-26 12:55:27', 1, 1),
(301, 56, 64, 1, 1, 1, 1, '2018-11-26 12:55:27', '2018-11-26 12:55:27', 1, 1),
(302, 56, 65, 1, 1, 1, 1, '2018-11-26 12:55:27', '2018-11-26 12:55:27', 1, 1),
(303, 56, 66, 1, 1, 1, 1, '2018-11-26 12:55:27', '2018-11-26 12:55:27', 1, 1),
(304, 56, 67, 1, 1, 1, 1, '2018-11-26 12:55:27', '2018-11-26 12:55:27', 1, 1),
(305, 56, 68, 1, 1, 1, 1, '2018-11-26 12:55:27', '2018-11-26 12:55:27', 1, 1),
(306, 56, 69, 1, 1, 1, 1, '2018-11-26 12:55:27', '2018-11-26 12:55:27', 1, 1),
(307, 58, 1, 1, 1, 1, 1, '2018-11-27 12:23:51', '2018-11-27 12:23:51', 1, 1),
(308, 58, 51, 1, 1, 1, 1, '2018-11-27 12:23:51', '2018-11-27 12:23:51', 1, 1),
(309, 58, 52, 1, 1, 1, 1, '2018-11-27 12:23:51', '2018-11-27 12:23:51', 1, 1),
(310, 58, 53, 1, 1, 1, 1, '2018-11-27 12:23:51', '2018-11-27 12:23:51', 1, 1),
(311, 58, 54, 1, 1, 1, 1, '2018-11-27 12:23:51', '2018-11-27 12:23:51', 1, 1),
(312, 58, 55, 1, 1, 1, 1, '2018-11-27 12:23:51', '2018-11-27 12:23:51', 1, 1),
(313, 58, 56, 1, 1, 1, 1, '2018-11-27 12:23:51', '2018-11-27 12:23:51', 1, 1),
(314, 58, 57, 1, 1, 1, 1, '2018-11-27 12:23:51', '2018-11-27 12:23:51', 1, 1),
(315, 58, 58, 1, 1, 1, 1, '2018-11-27 12:23:51', '2018-11-27 12:23:51', 1, 1),
(316, 58, 59, 1, 1, 1, 1, '2018-11-27 12:23:51', '2018-11-27 12:23:51', 1, 1),
(317, 58, 60, 1, 1, 1, 1, '2018-11-27 12:23:51', '2018-11-27 12:23:51', 1, 1),
(318, 58, 61, 1, 1, 1, 1, '2018-11-27 12:23:51', '2018-11-27 12:23:51', 1, 1),
(319, 58, 62, 1, 1, 1, 1, '2018-11-27 12:23:51', '2018-11-27 12:23:51', 1, 1),
(320, 58, 63, 1, 1, 1, 1, '2018-11-27 12:23:51', '2018-11-27 12:23:51', 1, 1),
(321, 58, 64, 1, 1, 1, 1, '2018-11-27 12:23:51', '2018-11-27 12:23:51', 1, 1),
(322, 58, 65, 1, 1, 1, 1, '2018-11-27 12:23:51', '2018-11-27 12:23:51', 1, 1),
(323, 58, 66, 1, 1, 1, 1, '2018-11-27 12:23:51', '2018-11-27 12:23:51', 1, 1),
(324, 58, 67, 1, 1, 1, 1, '2018-11-27 12:23:51', '2018-11-27 12:23:51', 1, 1),
(325, 58, 68, 1, 1, 1, 1, '2018-11-27 12:23:51', '2018-11-27 12:23:51', 1, 1),
(326, 58, 69, 1, 1, 1, 1, '2018-11-27 12:23:51', '2018-11-27 12:23:51', 1, 1),
(327, 59, 1, 1, 1, 1, 1, '2018-11-28 09:29:03', '2018-11-28 09:29:03', 1, 1),
(328, 59, 51, 1, 1, 1, 1, '2018-11-28 09:29:03', '2018-11-28 09:29:03', 1, 1),
(329, 59, 52, 1, 1, 1, 1, '2018-11-28 09:29:03', '2018-11-28 09:29:03', 1, 1),
(330, 59, 53, 1, 1, 1, 1, '2018-11-28 09:29:03', '2018-11-28 09:29:03', 1, 1),
(331, 59, 54, 1, 1, 1, 1, '2018-11-28 09:29:03', '2018-11-28 09:29:03', 1, 1),
(332, 59, 55, 1, 1, 1, 1, '2018-11-28 09:29:03', '2018-11-28 09:29:03', 1, 1),
(333, 59, 56, 1, 1, 1, 1, '2018-11-28 09:29:03', '2018-11-28 09:29:03', 1, 1),
(334, 59, 57, 1, 1, 1, 1, '2018-11-28 09:29:03', '2018-11-28 09:29:03', 1, 1),
(335, 59, 58, 1, 1, 1, 1, '2018-11-28 09:29:03', '2018-11-28 09:29:03', 1, 1),
(336, 59, 59, 1, 1, 1, 1, '2018-11-28 09:29:03', '2018-11-28 09:29:03', 1, 1),
(337, 59, 60, 1, 1, 1, 1, '2018-11-28 09:29:03', '2018-11-28 09:29:03', 1, 1),
(338, 59, 61, 1, 1, 1, 1, '2018-11-28 09:29:03', '2018-11-28 09:29:03', 1, 1),
(339, 59, 62, 1, 1, 1, 1, '2018-11-28 09:29:03', '2018-11-28 09:29:03', 1, 1),
(340, 59, 63, 1, 1, 1, 1, '2018-11-28 09:29:03', '2018-11-28 09:29:03', 1, 1),
(341, 59, 64, 1, 1, 1, 1, '2018-11-28 09:29:03', '2018-11-28 09:29:03', 1, 1),
(342, 59, 65, 1, 1, 1, 1, '2018-11-28 09:29:03', '2018-11-28 09:29:03', 1, 1),
(343, 59, 66, 1, 1, 1, 1, '2018-11-28 09:29:03', '2018-11-28 09:29:03', 1, 1),
(344, 59, 67, 1, 1, 1, 1, '2018-11-28 09:29:03', '2018-11-28 09:29:03', 1, 1),
(345, 59, 68, 1, 1, 1, 1, '2018-11-28 09:29:03', '2018-11-28 09:29:03', 1, 1),
(346, 59, 69, 1, 1, 1, 1, '2018-11-28 09:29:03', '2018-11-28 09:29:03', 1, 1),
(347, 60, 1, 1, 1, 1, 1, '2018-11-28 09:31:07', '2018-11-28 09:31:07', 1, 1),
(348, 60, 51, 1, 1, 1, 1, '2018-11-28 09:31:07', '2018-11-28 09:31:07', 1, 1),
(349, 60, 52, 1, 1, 1, 1, '2018-11-28 09:31:07', '2018-11-28 09:31:07', 1, 1),
(350, 60, 53, 1, 1, 1, 1, '2018-11-28 09:31:07', '2018-11-28 09:31:07', 1, 1),
(351, 60, 54, 1, 1, 1, 1, '2018-11-28 09:31:07', '2018-11-28 09:31:07', 1, 1),
(352, 60, 55, 1, 1, 1, 1, '2018-11-28 09:31:07', '2018-11-28 09:31:07', 1, 1),
(353, 60, 56, 1, 1, 1, 1, '2018-11-28 09:31:07', '2018-11-28 09:31:07', 1, 1),
(354, 60, 57, 1, 1, 1, 1, '2018-11-28 09:31:07', '2018-11-28 09:31:07', 1, 1),
(355, 60, 58, 1, 1, 1, 1, '2018-11-28 09:31:07', '2018-11-28 09:31:07', 1, 1),
(356, 60, 59, 1, 1, 1, 1, '2018-11-28 09:31:07', '2018-11-28 09:31:07', 1, 1),
(357, 60, 60, 1, 1, 1, 1, '2018-11-28 09:31:07', '2018-11-28 09:31:07', 1, 1),
(358, 60, 61, 1, 1, 1, 1, '2018-11-28 09:31:07', '2018-11-28 09:31:07', 1, 1),
(359, 60, 62, 1, 1, 1, 1, '2018-11-28 09:31:07', '2018-11-28 09:31:07', 1, 1),
(360, 60, 63, 1, 1, 1, 1, '2018-11-28 09:31:07', '2018-11-28 09:31:07', 1, 1),
(361, 60, 64, 1, 1, 1, 1, '2018-11-28 09:31:07', '2018-11-28 09:31:07', 1, 1),
(362, 60, 65, 1, 1, 1, 1, '2018-11-28 09:31:07', '2018-11-28 09:31:07', 1, 1),
(363, 60, 66, 1, 1, 1, 1, '2018-11-28 09:31:07', '2018-11-28 09:31:07', 1, 1),
(364, 60, 67, 1, 1, 1, 1, '2018-11-28 09:31:07', '2018-11-28 09:31:07', 1, 1),
(365, 60, 68, 1, 1, 1, 1, '2018-11-28 09:31:07', '2018-11-28 09:31:07', 1, 1),
(366, 60, 69, 1, 1, 1, 1, '2018-11-28 09:31:07', '2018-11-28 09:31:07', 1, 1),
(367, 61, 1, 1, 1, 1, 1, '2018-11-28 09:32:02', '2018-11-28 09:32:02', 1, 1),
(368, 61, 51, 1, 1, 1, 1, '2018-11-28 09:32:02', '2018-11-28 09:32:02', 1, 1),
(369, 61, 52, 1, 1, 1, 1, '2018-11-28 09:32:02', '2018-11-28 09:32:02', 1, 1),
(370, 61, 53, 1, 1, 1, 1, '2018-11-28 09:32:02', '2018-11-28 09:32:02', 1, 1),
(371, 61, 54, 1, 1, 1, 1, '2018-11-28 09:32:02', '2018-11-28 09:32:02', 1, 1),
(372, 61, 55, 1, 1, 1, 1, '2018-11-28 09:32:02', '2018-11-28 09:32:02', 1, 1),
(373, 61, 56, 1, 1, 1, 1, '2018-11-28 09:32:02', '2018-11-28 09:32:02', 1, 1),
(374, 61, 57, 1, 1, 1, 1, '2018-11-28 09:32:02', '2018-11-28 09:32:02', 1, 1),
(375, 61, 58, 1, 1, 1, 1, '2018-11-28 09:32:02', '2018-11-28 09:32:02', 1, 1),
(376, 61, 59, 1, 1, 1, 1, '2018-11-28 09:32:02', '2018-11-28 09:32:02', 1, 1),
(377, 61, 60, 1, 1, 1, 1, '2018-11-28 09:32:02', '2018-11-28 09:32:02', 1, 1),
(378, 61, 61, 1, 1, 1, 1, '2018-11-28 09:32:02', '2018-11-28 09:32:02', 1, 1),
(379, 61, 62, 1, 1, 1, 1, '2018-11-28 09:32:02', '2018-11-28 09:32:02', 1, 1),
(380, 61, 63, 1, 1, 1, 1, '2018-11-28 09:32:02', '2018-11-28 09:32:02', 1, 1),
(381, 61, 64, 1, 1, 1, 1, '2018-11-28 09:32:02', '2018-11-28 09:32:02', 1, 1),
(382, 61, 65, 1, 1, 1, 1, '2018-11-28 09:32:02', '2018-11-28 09:32:02', 1, 1),
(383, 61, 66, 1, 1, 1, 1, '2018-11-28 09:32:02', '2018-11-28 09:32:02', 1, 1),
(384, 61, 67, 1, 1, 1, 1, '2018-11-28 09:32:02', '2018-11-28 09:32:02', 1, 1),
(385, 61, 68, 1, 1, 1, 1, '2018-11-28 09:32:02', '2018-11-28 09:32:02', 1, 1),
(386, 61, 69, 1, 1, 1, 1, '2018-11-28 09:32:02', '2018-11-28 09:32:02', 1, 1),
(387, 62, 1, 1, 1, 1, 1, '2018-11-30 08:20:18', '2018-11-30 08:20:18', 1, 1),
(388, 62, 77, 1, 1, 1, 1, '2018-11-30 08:20:18', '2018-11-30 08:20:18', 1, 1),
(389, 62, 78, 1, 1, 1, 1, '2018-11-30 08:20:18', '2018-11-30 08:20:18', 1, 1),
(390, 62, 79, 1, 1, 1, 1, '2018-11-30 08:20:18', '2018-11-30 08:20:18', 1, 1),
(391, 62, 80, 1, 1, 1, 1, '2018-11-30 08:20:18', '2018-11-30 08:20:18', 1, 1),
(392, 63, 1, 1, 1, 1, 1, '2018-11-30 08:24:03', '2018-11-30 08:24:03', 1, 1),
(393, 63, 77, 1, 1, 1, 1, '2018-11-30 08:24:03', '2018-11-30 08:24:03', 1, 1),
(394, 63, 78, 1, 1, 1, 1, '2018-11-30 08:24:03', '2018-11-30 08:24:03', 1, 1),
(395, 63, 79, 1, 1, 1, 1, '2018-11-30 08:24:03', '2018-11-30 08:24:03', 1, 1),
(396, 63, 80, 1, 1, 1, 1, '2018-11-30 08:24:03', '2018-11-30 08:24:03', 1, 1),
(397, 64, 1, 1, 1, 1, 1, '2018-11-30 08:28:16', '2018-11-30 08:28:16', 1, 1),
(398, 64, 77, 1, 1, 1, 1, '2018-11-30 08:28:16', '2018-11-30 08:28:16', 1, 1),
(399, 64, 78, 1, 1, 1, 1, '2018-11-30 08:28:16', '2018-11-30 08:28:16', 1, 1),
(400, 64, 79, 1, 1, 1, 1, '2018-11-30 08:28:16', '2018-11-30 08:28:16', 1, 1),
(401, 64, 80, 1, 1, 1, 1, '2018-11-30 08:28:16', '2018-11-30 08:28:16', 1, 1),
(402, 65, 1, 1, 1, 1, 1, '2018-11-30 09:34:59', '2018-11-30 09:34:59', 1, 1),
(403, 65, 77, 1, 1, 1, 1, '2018-11-30 09:34:59', '2018-11-30 09:34:59', 1, 1),
(404, 65, 78, 1, 1, 1, 1, '2018-11-30 09:34:59', '2018-11-30 09:34:59', 1, 1),
(405, 65, 79, 1, 1, 1, 1, '2018-11-30 09:34:59', '2018-11-30 09:34:59', 1, 1),
(406, 65, 80, 1, 1, 1, 1, '2018-11-30 09:34:59', '2018-11-30 09:34:59', 1, 1),
(407, 66, 1, 1, 1, 1, 1, '2018-11-30 09:37:50', '2018-11-30 09:37:50', 1, 1),
(408, 66, 77, 1, 1, 1, 1, '2018-11-30 09:37:50', '2018-11-30 09:37:50', 1, 1),
(409, 66, 78, 1, 1, 1, 1, '2018-11-30 09:37:50', '2018-11-30 09:37:50', 1, 1),
(410, 66, 79, 1, 1, 1, 1, '2018-11-30 09:37:50', '2018-11-30 09:37:50', 1, 1),
(411, 66, 80, 1, 1, 1, 1, '2018-11-30 09:37:50', '2018-11-30 09:37:50', 1, 1),
(412, 67, 1, 1, 1, 1, 1, '2018-12-11 06:50:04', '2018-12-11 06:50:04', 1, 1),
(413, 67, 77, 1, 1, 1, 1, '2018-12-11 06:50:04', '2018-12-11 06:50:04', 1, 1),
(414, 67, 78, 1, 1, 1, 1, '2018-12-11 06:50:04', '2018-12-11 06:50:04', 1, 1),
(415, 67, 79, 1, 1, 1, 1, '2018-12-11 06:50:04', '2018-12-11 06:50:04', 1, 1),
(416, 67, 80, 1, 1, 1, 1, '2018-12-11 06:50:04', '2018-12-11 06:50:04', 1, 1),
(417, 67, 81, 1, 1, 1, 1, '2018-12-11 06:50:04', '2018-12-11 06:50:04', 1, 1),
(418, 67, 82, 1, 1, 1, 1, '2018-12-11 06:50:04', '2018-12-11 06:50:04', 1, 1),
(419, 67, 83, 1, 1, 1, 1, '2018-12-11 06:50:04', '2018-12-11 06:50:04', 1, 1),
(420, 68, 1, 1, 1, 1, 1, '2018-12-11 06:51:20', '2018-12-11 06:51:20', 1, 1),
(421, 68, 77, 1, 1, 1, 1, '2018-12-11 06:51:20', '2018-12-11 06:51:20', 1, 1),
(422, 68, 78, 1, 1, 1, 1, '2018-12-11 06:51:20', '2018-12-11 06:51:20', 1, 1),
(423, 68, 79, 1, 1, 1, 1, '2018-12-11 06:51:20', '2018-12-11 06:51:20', 1, 1),
(424, 68, 80, 1, 1, 1, 1, '2018-12-11 06:51:20', '2018-12-11 06:51:20', 1, 1),
(425, 68, 81, 1, 1, 1, 1, '2018-12-11 06:51:20', '2018-12-11 06:51:20', 1, 1),
(426, 68, 82, 1, 1, 1, 1, '2018-12-11 06:51:20', '2018-12-11 06:51:20', 1, 1),
(427, 68, 83, 1, 1, 1, 1, '2018-12-11 06:51:20', '2018-12-11 06:51:20', 1, 1),
(428, 69, 1, 1, 1, 1, 1, '2018-12-11 06:53:12', '2018-12-11 06:53:12', 1, 1),
(429, 69, 77, 1, 1, 1, 1, '2018-12-11 06:53:12', '2018-12-11 06:53:12', 1, 1),
(430, 69, 78, 1, 1, 1, 1, '2018-12-11 06:53:12', '2018-12-11 06:53:12', 1, 1),
(431, 69, 79, 1, 1, 1, 1, '2018-12-11 06:53:12', '2018-12-11 06:53:12', 1, 1),
(432, 69, 80, 1, 1, 1, 1, '2018-12-11 06:53:12', '2018-12-11 06:53:12', 1, 1),
(433, 69, 81, 1, 1, 1, 1, '2018-12-11 06:53:12', '2018-12-11 06:53:12', 1, 1),
(434, 69, 82, 1, 1, 1, 1, '2018-12-11 06:53:12', '2018-12-11 06:53:12', 1, 1),
(435, 69, 83, 1, 1, 1, 1, '2018-12-11 06:53:12', '2018-12-11 06:53:12', 1, 1),
(436, 70, 1, 1, 1, 1, 1, '2018-12-11 06:59:04', '2018-12-11 06:59:04', 1, 1),
(437, 70, 77, 1, 1, 1, 1, '2018-12-11 06:59:04', '2018-12-11 06:59:04', 1, 1),
(438, 70, 78, 1, 1, 1, 1, '2018-12-11 06:59:04', '2018-12-11 06:59:04', 1, 1),
(439, 70, 79, 1, 1, 1, 1, '2018-12-11 06:59:04', '2018-12-11 06:59:04', 1, 1),
(440, 70, 80, 1, 1, 1, 1, '2018-12-11 06:59:04', '2018-12-11 06:59:04', 1, 1),
(441, 70, 81, 1, 1, 1, 1, '2018-12-11 06:59:04', '2018-12-11 06:59:04', 1, 1),
(442, 70, 82, 1, 1, 1, 1, '2018-12-11 06:59:04', '2018-12-11 06:59:04', 1, 1),
(443, 70, 83, 1, 1, 1, 1, '2018-12-11 06:59:04', '2018-12-11 06:59:04', 1, 1),
(444, 44, 1, 1, 1, 1, 1, '2018-12-17 07:07:41', '2018-12-20 08:27:27', 1, 1),
(445, 44, 77, 1, 1, 1, 1, '2018-12-17 07:07:41', '2018-12-17 07:07:41', 1, 1),
(446, 44, 78, 1, 1, 1, 1, '2018-12-17 07:07:41', '2018-12-17 07:07:41', 1, 1),
(447, 44, 79, 1, 1, 1, 1, '2018-12-17 07:07:41', '2018-12-17 07:07:41', 1, 1),
(448, 44, 80, 1, 1, 1, 1, '2018-12-17 07:07:41', '2018-12-17 07:07:41', 1, 1),
(449, 44, 81, 1, 1, 1, 1, '2018-12-17 07:07:41', '2018-12-17 07:07:41', 1, 1),
(450, 44, 82, 1, 1, 1, 1, '2018-12-17 07:07:41', '2018-12-17 07:07:41', 1, 1),
(451, 44, 83, 1, 1, 1, 1, '2018-12-17 07:07:41', '2018-12-17 07:07:41', 1, 1),
(452, 44, 85, 0, 0, 0, 0, '2018-12-17 07:07:41', '2018-12-17 07:07:41', 1, 1),
(453, 44, 86, 0, 0, 0, 0, '2018-12-17 07:07:41', '2018-12-17 07:07:41', 1, 1),
(454, 44, 87, 0, 0, 0, 0, '2018-12-17 07:07:41', '2018-12-17 07:07:41', 1, 1),
(455, 45, 1, 1, 1, 1, 1, '2018-12-19 05:54:48', '2018-12-19 05:54:48', 1, 1),
(456, 45, 90, 0, 0, 0, 0, '2018-12-19 05:54:48', '2018-12-19 05:54:48', 1, 1),
(457, 45, 91, 0, 0, 0, 0, '2018-12-19 05:54:48', '2018-12-19 05:54:48', 1, 1),
(458, 45, 92, 0, 0, 0, 0, '2018-12-19 05:54:48', '2018-12-19 05:54:48', 1, 1),
(459, 45, 93, 0, 0, 0, 0, '2018-12-19 05:54:48', '2018-12-19 05:54:48', 1, 1),
(460, 45, 94, 0, 0, 0, 0, '2018-12-19 05:54:48', '2018-12-19 05:54:48', 1, 1),
(461, 45, 95, 0, 0, 0, 0, '2018-12-19 05:54:48', '2018-12-19 05:54:48', 1, 1),
(462, 45, 96, 0, 0, 0, 0, '2018-12-19 05:54:48', '2018-12-19 05:54:48', 1, 1),
(463, 45, 97, 0, 0, 0, 0, '2018-12-19 05:54:48', '2018-12-19 05:54:48', 1, 1),
(464, 45, 98, 0, 0, 0, 0, '2018-12-19 05:54:48', '2018-12-19 05:54:48', 1, 1),
(465, 45, 99, 0, 0, 0, 0, '2018-12-19 05:54:48', '2018-12-19 05:54:48', 1, 1),
(466, 45, 100, 0, 0, 0, 0, '2018-12-19 05:54:48', '2018-12-19 05:54:48', 1, 1),
(467, 45, 101, 0, 0, 0, 0, '2018-12-19 05:54:48', '2018-12-19 05:54:48', 1, 1),
(468, 45, 102, 0, 0, 0, 0, '2018-12-19 05:54:48', '2018-12-19 05:54:48', 1, 1),
(469, 45, 103, 0, 0, 0, 0, '2018-12-19 05:54:48', '2018-12-19 05:54:48', 1, 1),
(470, 45, 104, 0, 0, 0, 0, '2018-12-19 05:54:48', '2018-12-19 05:54:48', 1, 1),
(471, 45, 105, 0, 0, 0, 0, '2018-12-19 05:54:48', '2018-12-19 05:54:48', 1, 1),
(472, 45, 106, 0, 0, 0, 0, '2018-12-19 05:54:48', '2018-12-19 05:54:48', 1, 1),
(473, 45, 107, 0, 0, 0, 0, '2018-12-19 05:54:48', '2018-12-19 05:54:48', 1, 1),
(474, 45, 108, 0, 0, 0, 0, '2018-12-19 05:54:48', '2018-12-19 05:54:48', 1, 1),
(475, 45, 109, 0, 0, 0, 0, '2018-12-19 05:54:48', '2018-12-19 05:54:48', 1, 1),
(476, 46, 1, 1, 1, 1, 1, '2018-12-19 06:36:39', '2018-12-19 06:36:39', 1, 1),
(477, 46, 90, 0, 0, 0, 0, '2018-12-19 06:36:39', '2018-12-19 06:36:39', 1, 1),
(478, 46, 91, 0, 0, 0, 0, '2018-12-19 06:36:39', '2018-12-19 06:36:39', 1, 1),
(479, 46, 92, 0, 0, 0, 0, '2018-12-19 06:36:39', '2018-12-19 06:36:39', 1, 1),
(480, 46, 93, 0, 0, 0, 0, '2018-12-19 06:36:39', '2018-12-19 06:36:39', 1, 1),
(481, 46, 94, 0, 0, 0, 0, '2018-12-19 06:36:39', '2018-12-19 06:36:39', 1, 1),
(482, 46, 95, 0, 0, 0, 0, '2018-12-19 06:36:39', '2018-12-19 06:36:39', 1, 1),
(483, 46, 96, 0, 0, 0, 0, '2018-12-19 06:36:39', '2018-12-19 06:36:39', 1, 1),
(484, 46, 97, 0, 0, 0, 0, '2018-12-19 06:36:39', '2018-12-19 06:36:39', 1, 1),
(485, 46, 98, 0, 0, 0, 0, '2018-12-19 06:36:39', '2018-12-19 06:36:39', 1, 1),
(486, 46, 99, 0, 0, 0, 0, '2018-12-19 06:36:39', '2018-12-19 06:36:39', 1, 1),
(487, 46, 100, 0, 0, 0, 0, '2018-12-19 06:36:39', '2018-12-19 06:36:39', 1, 1),
(488, 46, 101, 0, 0, 0, 0, '2018-12-19 06:36:39', '2018-12-19 06:36:39', 1, 1),
(489, 46, 102, 0, 0, 0, 0, '2018-12-19 06:36:39', '2018-12-19 06:36:39', 1, 1),
(490, 46, 103, 0, 0, 0, 0, '2018-12-19 06:36:39', '2018-12-19 06:36:39', 1, 1),
(491, 46, 104, 0, 0, 0, 0, '2018-12-19 06:36:39', '2018-12-19 06:36:39', 1, 1),
(492, 46, 105, 0, 0, 0, 0, '2018-12-19 06:36:39', '2018-12-19 06:36:39', 1, 1),
(493, 46, 106, 0, 0, 0, 0, '2018-12-19 06:36:39', '2018-12-19 06:36:39', 1, 1),
(494, 46, 107, 0, 0, 0, 0, '2018-12-19 06:36:39', '2018-12-19 06:36:39', 1, 1),
(495, 46, 108, 0, 0, 0, 0, '2018-12-19 06:36:39', '2018-12-19 06:36:39', 1, 1),
(496, 46, 109, 0, 0, 0, 0, '2018-12-19 06:36:39', '2018-12-19 06:36:39', 1, 1),
(497, 1, 114, 1, 1, 1, 1, '2018-12-20 08:09:21', '2018-12-20 08:09:21', 1, 1),
(498, 18, 114, 0, 0, 0, 0, '2018-12-20 08:09:21', '2018-12-20 08:09:21', 1, 1),
(499, 22, 114, 0, 0, 0, 0, '2018-12-20 08:09:21', '2018-12-20 08:09:21', 1, 1),
(500, 23, 114, 0, 0, 0, 0, '2018-12-20 08:09:21', '2018-12-20 08:09:21', 1, 1),
(501, 32, 114, 0, 0, 0, 0, '2018-12-20 08:09:21', '2018-12-20 08:09:21', 1, 1),
(502, 35, 114, 0, 0, 0, 0, '2018-12-20 08:09:21', '2018-12-20 08:09:21', 1, 1),
(503, 36, 114, 0, 0, 0, 0, '2018-12-20 08:09:21', '2018-12-20 08:09:21', 1, 1),
(504, 39, 114, 0, 0, 0, 0, '2018-12-20 08:09:21', '2018-12-20 08:09:21', 1, 1),
(505, 40, 114, 0, 0, 0, 0, '2018-12-20 08:09:21', '2018-12-20 08:09:21', 1, 1),
(506, 43, 114, 0, 0, 0, 0, '2018-12-20 08:09:21', '2018-12-20 08:09:21', 1, 1),
(507, 44, 114, 0, 0, 0, 0, '2018-12-20 08:09:21', '2018-12-20 08:09:21', 1, 1),
(508, 45, 114, 0, 0, 0, 0, '2018-12-20 08:09:21', '2018-12-20 08:09:21', 1, 1),
(509, 46, 114, 0, 0, 0, 0, '2018-12-20 08:09:21', '2018-12-20 08:09:21', 1, 1),
(510, 47, 1, 1, 1, 1, 1, '2018-12-21 09:19:50', '2018-12-21 09:19:50', 1, 1),
(511, 47, 77, 0, 0, 0, 0, '2018-12-21 09:19:50', '2018-12-21 09:19:50', 1, 1),
(512, 47, 90, 0, 0, 0, 0, '2018-12-21 09:19:50', '2018-12-21 09:19:50', 1, 1),
(513, 47, 91, 0, 0, 0, 0, '2018-12-21 09:19:50', '2018-12-21 09:19:50', 1, 1),
(514, 47, 92, 0, 0, 0, 0, '2018-12-21 09:19:50', '2018-12-21 09:19:50', 1, 1),
(515, 47, 93, 0, 0, 0, 0, '2018-12-21 09:19:50', '2018-12-21 09:19:50', 1, 1),
(516, 47, 94, 0, 0, 0, 0, '2018-12-21 09:19:50', '2018-12-21 09:19:50', 1, 1),
(517, 47, 95, 0, 0, 0, 0, '2018-12-21 09:19:50', '2018-12-21 09:19:50', 1, 1),
(518, 47, 96, 0, 0, 0, 0, '2018-12-21 09:19:50', '2018-12-21 09:19:50', 1, 1),
(519, 47, 97, 0, 0, 0, 0, '2018-12-21 09:19:50', '2018-12-21 09:19:50', 1, 1),
(520, 47, 98, 0, 0, 0, 0, '2018-12-21 09:19:50', '2018-12-21 09:19:50', 1, 1),
(521, 47, 99, 0, 0, 0, 0, '2018-12-21 09:19:50', '2018-12-21 09:19:50', 1, 1),
(522, 47, 100, 0, 0, 0, 0, '2018-12-21 09:19:50', '2018-12-21 09:19:50', 1, 1),
(523, 47, 101, 0, 0, 0, 0, '2018-12-21 09:19:50', '2018-12-21 09:19:50', 1, 1),
(524, 47, 102, 0, 0, 0, 0, '2018-12-21 09:19:50', '2018-12-21 09:19:50', 1, 1),
(525, 47, 103, 0, 0, 0, 0, '2018-12-21 09:19:50', '2018-12-21 09:19:50', 1, 1),
(526, 47, 104, 0, 0, 0, 0, '2018-12-21 09:19:50', '2018-12-21 09:19:50', 1, 1),
(527, 47, 105, 0, 0, 0, 0, '2018-12-21 09:19:50', '2018-12-21 09:19:50', 1, 1),
(528, 47, 106, 0, 0, 0, 0, '2018-12-21 09:19:50', '2018-12-21 09:19:50', 1, 1),
(529, 47, 107, 0, 0, 0, 0, '2018-12-21 09:19:50', '2018-12-21 09:19:50', 1, 1),
(530, 47, 108, 0, 0, 0, 0, '2018-12-21 09:19:50', '2018-12-21 09:19:50', 1, 1),
(531, 47, 109, 0, 0, 0, 0, '2018-12-21 09:19:50', '2018-12-21 09:19:50', 1, 1),
(532, 47, 110, 0, 0, 0, 0, '2018-12-21 09:19:50', '2018-12-21 09:19:50', 1, 1),
(533, 47, 111, 0, 0, 0, 0, '2018-12-21 09:19:50', '2018-12-21 09:19:50', 1, 1),
(534, 47, 112, 0, 0, 0, 0, '2018-12-21 09:19:50', '2018-12-21 09:19:50', 1, 1),
(535, 47, 113, 0, 0, 0, 0, '2018-12-21 09:19:50', '2018-12-21 09:19:50', 1, 1),
(536, 47, 114, 0, 0, 0, 0, '2018-12-21 09:19:50', '2018-12-21 09:19:50', 1, 1),
(537, 48, 1, 1, 1, 1, 1, '2018-12-21 09:43:33', '2018-12-21 09:43:33', 1, 1),
(538, 48, 77, 0, 0, 0, 0, '2018-12-21 09:43:33', '2018-12-21 09:43:33', 1, 1),
(539, 48, 90, 0, 0, 0, 0, '2018-12-21 09:43:33', '2018-12-21 09:43:33', 1, 1),
(540, 48, 91, 0, 0, 0, 0, '2018-12-21 09:43:33', '2018-12-21 09:43:33', 1, 1),
(541, 48, 92, 0, 0, 0, 0, '2018-12-21 09:43:33', '2018-12-21 09:43:33', 1, 1),
(542, 48, 93, 0, 0, 0, 0, '2018-12-21 09:43:33', '2018-12-21 09:43:33', 1, 1),
(543, 48, 94, 0, 0, 0, 0, '2018-12-21 09:43:33', '2018-12-21 09:43:33', 1, 1),
(544, 48, 95, 0, 0, 0, 0, '2018-12-21 09:43:33', '2018-12-21 09:43:33', 1, 1),
(545, 48, 96, 0, 0, 0, 0, '2018-12-21 09:43:33', '2018-12-21 09:43:33', 1, 1),
(546, 48, 97, 0, 0, 0, 0, '2018-12-21 09:43:33', '2018-12-21 09:43:33', 1, 1),
(547, 48, 98, 0, 0, 0, 0, '2018-12-21 09:43:33', '2018-12-21 09:43:33', 1, 1),
(548, 48, 99, 0, 0, 0, 0, '2018-12-21 09:43:33', '2018-12-21 09:43:33', 1, 1),
(549, 48, 100, 0, 0, 0, 0, '2018-12-21 09:43:33', '2018-12-21 09:43:33', 1, 1),
(550, 48, 101, 0, 0, 0, 0, '2018-12-21 09:43:33', '2018-12-21 09:43:33', 1, 1),
(551, 48, 102, 0, 0, 0, 0, '2018-12-21 09:43:33', '2018-12-21 09:43:33', 1, 1),
(552, 48, 103, 0, 0, 0, 0, '2018-12-21 09:43:33', '2018-12-21 09:43:33', 1, 1),
(553, 48, 104, 0, 0, 0, 0, '2018-12-21 09:43:33', '2018-12-21 09:43:33', 1, 1),
(554, 48, 105, 0, 0, 0, 0, '2018-12-21 09:43:33', '2018-12-21 09:43:33', 1, 1),
(555, 48, 106, 0, 0, 0, 0, '2018-12-21 09:43:33', '2018-12-21 09:43:33', 1, 1),
(556, 48, 107, 0, 0, 0, 0, '2018-12-21 09:43:33', '2018-12-21 09:43:33', 1, 1),
(557, 48, 108, 0, 0, 0, 0, '2018-12-21 09:43:33', '2018-12-21 09:43:33', 1, 1),
(558, 48, 109, 0, 0, 0, 0, '2018-12-21 09:43:33', '2018-12-21 09:43:33', 1, 1),
(559, 48, 110, 0, 0, 0, 0, '2018-12-21 09:43:33', '2018-12-21 09:43:33', 1, 1),
(560, 48, 111, 0, 0, 0, 0, '2018-12-21 09:43:33', '2018-12-21 09:43:33', 1, 1),
(561, 48, 112, 0, 0, 0, 0, '2018-12-21 09:43:33', '2018-12-21 09:43:33', 1, 1),
(562, 48, 113, 0, 0, 0, 0, '2018-12-21 09:43:33', '2018-12-21 09:43:33', 1, 1),
(563, 48, 114, 0, 0, 0, 0, '2018-12-21 09:43:33', '2018-12-21 09:43:33', 1, 1),
(591, 50, 1, 1, 1, 1, 1, '2018-12-21 09:50:43', '2018-12-21 09:50:43', 1, 1),
(592, 50, 77, 0, 0, 0, 0, '2018-12-21 09:50:43', '2018-12-21 09:50:43', 1, 1),
(593, 50, 90, 0, 0, 0, 0, '2018-12-21 09:50:43', '2018-12-21 09:50:43', 1, 1),
(594, 50, 91, 0, 0, 0, 0, '2018-12-21 09:50:43', '2018-12-21 09:50:43', 1, 1),
(595, 50, 92, 0, 0, 0, 0, '2018-12-21 09:50:43', '2018-12-21 09:50:43', 1, 1),
(596, 50, 93, 0, 0, 0, 0, '2018-12-21 09:50:43', '2018-12-21 09:50:43', 1, 1),
(597, 50, 94, 0, 0, 0, 0, '2018-12-21 09:50:43', '2018-12-21 09:50:43', 1, 1),
(598, 50, 95, 0, 0, 0, 0, '2018-12-21 09:50:43', '2018-12-21 09:50:43', 1, 1),
(599, 50, 96, 0, 0, 0, 0, '2018-12-21 09:50:43', '2018-12-21 09:50:43', 1, 1),
(600, 50, 97, 0, 0, 0, 0, '2018-12-21 09:50:43', '2018-12-21 09:50:43', 1, 1),
(601, 50, 98, 0, 0, 0, 0, '2018-12-21 09:50:43', '2018-12-21 09:50:43', 1, 1),
(602, 50, 99, 0, 0, 0, 0, '2018-12-21 09:50:43', '2018-12-21 09:50:43', 1, 1),
(603, 50, 100, 0, 0, 0, 0, '2018-12-21 09:50:43', '2018-12-21 09:50:43', 1, 1),
(604, 50, 101, 0, 0, 0, 0, '2018-12-21 09:50:43', '2018-12-21 09:50:43', 1, 1),
(605, 50, 102, 0, 0, 0, 0, '2018-12-21 09:50:43', '2018-12-21 09:50:43', 1, 1),
(606, 50, 103, 0, 0, 0, 0, '2018-12-21 09:50:43', '2018-12-21 09:50:43', 1, 1),
(607, 50, 104, 0, 0, 0, 0, '2018-12-21 09:50:43', '2018-12-21 09:50:43', 1, 1),
(608, 50, 105, 0, 0, 0, 0, '2018-12-21 09:50:43', '2018-12-21 09:50:43', 1, 1),
(609, 50, 106, 0, 0, 0, 0, '2018-12-21 09:50:43', '2018-12-21 09:50:43', 1, 1),
(610, 50, 107, 0, 0, 0, 0, '2018-12-21 09:50:43', '2018-12-21 09:50:43', 1, 1),
(611, 50, 108, 0, 0, 0, 0, '2018-12-21 09:50:43', '2018-12-21 09:50:43', 1, 1),
(612, 50, 109, 0, 0, 0, 0, '2018-12-21 09:50:43', '2018-12-21 09:50:43', 1, 1),
(613, 50, 110, 0, 0, 0, 0, '2018-12-21 09:50:43', '2018-12-21 09:50:43', 1, 1),
(614, 50, 111, 0, 0, 0, 0, '2018-12-21 09:50:43', '2018-12-21 09:50:43', 1, 1),
(615, 50, 112, 0, 0, 0, 0, '2018-12-21 09:50:43', '2018-12-21 09:50:43', 1, 1),
(616, 50, 113, 0, 0, 0, 0, '2018-12-21 09:50:43', '2018-12-21 09:50:43', 1, 1),
(617, 50, 114, 0, 0, 0, 0, '2018-12-21 09:50:43', '2018-12-21 09:50:43', 1, 1),
(618, 51, 1, 1, 1, 1, 1, '2018-12-21 09:51:27', '2018-12-21 09:51:27', 1, 1),
(619, 51, 77, 0, 0, 0, 0, '2018-12-21 09:51:27', '2018-12-21 09:51:27', 1, 1),
(620, 51, 90, 0, 0, 0, 0, '2018-12-21 09:51:27', '2018-12-21 09:51:27', 1, 1),
(621, 51, 91, 0, 0, 0, 0, '2018-12-21 09:51:27', '2018-12-21 09:51:27', 1, 1),
(622, 51, 92, 0, 0, 0, 0, '2018-12-21 09:51:27', '2018-12-21 09:51:27', 1, 1),
(623, 51, 93, 0, 0, 0, 0, '2018-12-21 09:51:27', '2018-12-21 09:51:27', 1, 1),
(624, 51, 94, 0, 0, 0, 0, '2018-12-21 09:51:27', '2018-12-21 09:51:27', 1, 1),
(625, 51, 95, 0, 0, 0, 0, '2018-12-21 09:51:27', '2018-12-21 09:51:27', 1, 1),
(626, 51, 96, 0, 0, 0, 0, '2018-12-21 09:51:27', '2018-12-21 09:51:27', 1, 1),
(627, 51, 97, 0, 0, 0, 0, '2018-12-21 09:51:27', '2018-12-21 09:51:27', 1, 1),
(628, 51, 98, 0, 0, 0, 0, '2018-12-21 09:51:27', '2018-12-21 09:51:27', 1, 1),
(629, 51, 99, 0, 0, 0, 0, '2018-12-21 09:51:27', '2018-12-21 09:51:27', 1, 1),
(630, 51, 100, 0, 0, 0, 0, '2018-12-21 09:51:27', '2018-12-21 09:51:27', 1, 1),
(631, 51, 101, 0, 0, 0, 0, '2018-12-21 09:51:27', '2018-12-21 09:51:27', 1, 1),
(632, 51, 102, 0, 0, 0, 0, '2018-12-21 09:51:27', '2018-12-21 09:51:27', 1, 1),
(633, 51, 103, 0, 0, 0, 0, '2018-12-21 09:51:27', '2018-12-21 09:51:27', 1, 1),
(634, 51, 104, 0, 0, 0, 0, '2018-12-21 09:51:27', '2018-12-21 09:51:27', 1, 1),
(635, 51, 105, 0, 0, 0, 0, '2018-12-21 09:51:27', '2018-12-21 09:51:27', 1, 1),
(636, 51, 106, 0, 0, 0, 0, '2018-12-21 09:51:27', '2018-12-21 09:51:27', 1, 1),
(637, 51, 107, 0, 0, 0, 0, '2018-12-21 09:51:27', '2018-12-21 09:51:27', 1, 1),
(638, 51, 108, 0, 0, 0, 0, '2018-12-21 09:51:27', '2018-12-21 09:51:27', 1, 1),
(639, 51, 109, 0, 0, 0, 0, '2018-12-21 09:51:27', '2018-12-21 09:51:27', 1, 1),
(640, 51, 110, 0, 0, 0, 0, '2018-12-21 09:51:27', '2018-12-21 09:51:27', 1, 1),
(641, 51, 111, 0, 0, 0, 0, '2018-12-21 09:51:27', '2018-12-21 09:51:27', 1, 1),
(642, 51, 112, 0, 0, 0, 0, '2018-12-21 09:51:27', '2018-12-21 09:51:27', 1, 1),
(643, 51, 113, 0, 0, 0, 0, '2018-12-21 09:51:27', '2018-12-21 09:51:27', 1, 1),
(644, 51, 114, 0, 0, 0, 0, '2018-12-21 09:51:27', '2018-12-21 09:51:27', 1, 1),
(645, 52, 1, 1, 1, 1, 1, '2018-12-21 09:52:06', '2018-12-21 09:52:06', 1, 1),
(646, 52, 77, 0, 0, 0, 0, '2018-12-21 09:52:06', '2018-12-21 09:52:06', 1, 1),
(647, 52, 90, 0, 0, 0, 0, '2018-12-21 09:52:06', '2018-12-21 09:52:06', 1, 1),
(648, 52, 91, 0, 0, 0, 0, '2018-12-21 09:52:06', '2018-12-21 09:52:06', 1, 1),
(649, 52, 92, 0, 0, 0, 0, '2018-12-21 09:52:06', '2018-12-21 09:52:06', 1, 1),
(650, 52, 93, 0, 0, 0, 0, '2018-12-21 09:52:06', '2018-12-21 09:52:06', 1, 1),
(651, 52, 94, 0, 0, 0, 0, '2018-12-21 09:52:06', '2018-12-21 09:52:06', 1, 1),
(652, 52, 95, 0, 0, 0, 0, '2018-12-21 09:52:06', '2018-12-21 09:52:06', 1, 1),
(653, 52, 96, 0, 0, 0, 0, '2018-12-21 09:52:06', '2018-12-21 09:52:06', 1, 1),
(654, 52, 97, 0, 0, 0, 0, '2018-12-21 09:52:06', '2018-12-21 09:52:06', 1, 1),
(655, 52, 98, 0, 0, 0, 0, '2018-12-21 09:52:06', '2018-12-21 09:52:06', 1, 1),
(656, 52, 99, 0, 0, 0, 0, '2018-12-21 09:52:06', '2018-12-21 09:52:06', 1, 1),
(657, 52, 100, 0, 0, 0, 0, '2018-12-21 09:52:06', '2018-12-21 09:52:06', 1, 1),
(658, 52, 101, 0, 0, 0, 0, '2018-12-21 09:52:06', '2018-12-21 09:52:06', 1, 1),
(659, 52, 102, 0, 0, 0, 0, '2018-12-21 09:52:06', '2018-12-21 09:52:06', 1, 1),
(660, 52, 103, 0, 0, 0, 0, '2018-12-21 09:52:06', '2018-12-21 09:52:06', 1, 1),
(661, 52, 104, 0, 0, 0, 0, '2018-12-21 09:52:06', '2018-12-21 09:52:06', 1, 1),
(662, 52, 105, 0, 0, 0, 0, '2018-12-21 09:52:06', '2018-12-21 09:52:06', 1, 1),
(663, 52, 106, 0, 0, 0, 0, '2018-12-21 09:52:06', '2018-12-21 09:52:06', 1, 1),
(664, 52, 107, 0, 0, 0, 0, '2018-12-21 09:52:06', '2018-12-21 09:52:06', 1, 1),
(665, 52, 108, 0, 0, 0, 0, '2018-12-21 09:52:06', '2018-12-21 09:52:06', 1, 1),
(666, 52, 109, 0, 0, 0, 0, '2018-12-21 09:52:06', '2018-12-21 09:52:06', 1, 1),
(667, 52, 110, 0, 0, 0, 0, '2018-12-21 09:52:06', '2018-12-21 09:52:06', 1, 1),
(668, 52, 111, 0, 0, 0, 0, '2018-12-21 09:52:06', '2018-12-21 09:52:06', 1, 1),
(669, 52, 112, 0, 0, 0, 0, '2018-12-21 09:52:06', '2018-12-21 09:52:06', 1, 1),
(670, 52, 113, 0, 0, 0, 0, '2018-12-21 09:52:06', '2018-12-21 09:52:06', 1, 1),
(671, 52, 114, 0, 0, 0, 0, '2018-12-21 09:52:06', '2018-12-21 09:52:06', 1, 1),
(672, 53, 1, 1, 1, 1, 1, '2018-12-21 09:52:39', '2018-12-21 09:52:39', 1, 1),
(673, 53, 77, 0, 0, 0, 0, '2018-12-21 09:52:39', '2018-12-21 09:52:39', 1, 1),
(674, 53, 90, 0, 0, 0, 0, '2018-12-21 09:52:39', '2018-12-21 09:52:39', 1, 1),
(675, 53, 91, 0, 0, 0, 0, '2018-12-21 09:52:39', '2018-12-21 09:52:39', 1, 1),
(676, 53, 92, 0, 0, 0, 0, '2018-12-21 09:52:39', '2018-12-21 09:52:39', 1, 1),
(677, 53, 93, 0, 0, 0, 0, '2018-12-21 09:52:39', '2018-12-21 09:52:39', 1, 1),
(678, 53, 94, 0, 0, 0, 0, '2018-12-21 09:52:39', '2018-12-21 09:52:39', 1, 1),
(679, 53, 95, 0, 0, 0, 0, '2018-12-21 09:52:39', '2018-12-21 09:52:39', 1, 1),
(680, 53, 96, 0, 0, 0, 0, '2018-12-21 09:52:39', '2018-12-21 09:52:39', 1, 1),
(681, 53, 97, 0, 0, 0, 0, '2018-12-21 09:52:39', '2018-12-21 09:52:39', 1, 1),
(682, 53, 98, 0, 0, 0, 0, '2018-12-21 09:52:39', '2018-12-21 09:52:39', 1, 1),
(683, 53, 99, 0, 0, 0, 0, '2018-12-21 09:52:39', '2018-12-21 09:52:39', 1, 1),
(684, 53, 100, 0, 0, 0, 0, '2018-12-21 09:52:39', '2018-12-21 09:52:39', 1, 1),
(685, 53, 101, 0, 0, 0, 0, '2018-12-21 09:52:39', '2018-12-21 09:52:39', 1, 1),
(686, 53, 102, 0, 0, 0, 0, '2018-12-21 09:52:39', '2018-12-21 09:52:39', 1, 1),
(687, 53, 103, 0, 0, 0, 0, '2018-12-21 09:52:39', '2018-12-21 09:52:39', 1, 1),
(688, 53, 104, 0, 0, 0, 0, '2018-12-21 09:52:39', '2018-12-21 09:52:39', 1, 1),
(689, 53, 105, 0, 0, 0, 0, '2018-12-21 09:52:39', '2018-12-21 09:52:39', 1, 1),
(690, 53, 106, 0, 0, 0, 0, '2018-12-21 09:52:39', '2018-12-21 09:52:39', 1, 1),
(691, 53, 107, 0, 0, 0, 0, '2018-12-21 09:52:39', '2018-12-21 09:52:39', 1, 1),
(692, 53, 108, 0, 0, 0, 0, '2018-12-21 09:52:39', '2018-12-21 09:52:39', 1, 1),
(693, 53, 109, 0, 0, 0, 0, '2018-12-21 09:52:39', '2018-12-21 09:52:39', 1, 1),
(694, 53, 110, 0, 0, 0, 0, '2018-12-21 09:52:39', '2018-12-21 09:52:39', 1, 1),
(695, 53, 111, 0, 0, 0, 0, '2018-12-21 09:52:39', '2018-12-21 09:52:39', 1, 1),
(696, 53, 112, 0, 0, 0, 0, '2018-12-21 09:52:39', '2018-12-21 09:52:39', 1, 1),
(697, 53, 113, 0, 0, 0, 0, '2018-12-21 09:52:39', '2018-12-21 09:52:39', 1, 1),
(698, 53, 114, 0, 0, 0, 0, '2018-12-21 09:52:39', '2018-12-21 09:52:39', 1, 1),
(699, 54, 1, 1, 1, 1, 1, '2018-12-21 11:00:54', '2018-12-21 11:00:54', 1, 1),
(700, 54, 77, 0, 0, 0, 0, '2018-12-21 11:00:54', '2018-12-21 11:00:54', 1, 1),
(701, 54, 90, 0, 0, 0, 0, '2018-12-21 11:00:54', '2018-12-21 11:00:54', 1, 1),
(702, 54, 91, 0, 0, 0, 0, '2018-12-21 11:00:54', '2018-12-21 11:00:54', 1, 1),
(703, 54, 92, 0, 0, 0, 0, '2018-12-21 11:00:54', '2018-12-21 11:00:54', 1, 1),
(704, 54, 93, 0, 0, 0, 0, '2018-12-21 11:00:54', '2018-12-21 11:00:54', 1, 1),
(705, 54, 94, 0, 0, 0, 0, '2018-12-21 11:00:54', '2018-12-21 11:00:54', 1, 1),
(706, 54, 95, 0, 0, 0, 0, '2018-12-21 11:00:54', '2018-12-21 11:00:54', 1, 1),
(707, 54, 96, 0, 0, 0, 0, '2018-12-21 11:00:54', '2018-12-21 11:00:54', 1, 1),
(708, 54, 97, 0, 0, 0, 0, '2018-12-21 11:00:54', '2018-12-21 11:00:54', 1, 1),
(709, 54, 98, 0, 0, 0, 0, '2018-12-21 11:00:54', '2018-12-21 11:00:54', 1, 1),
(710, 54, 99, 0, 0, 0, 0, '2018-12-21 11:00:54', '2018-12-21 11:00:54', 1, 1),
(711, 54, 100, 0, 0, 0, 0, '2018-12-21 11:00:54', '2018-12-21 11:00:54', 1, 1),
(712, 54, 101, 0, 0, 0, 0, '2018-12-21 11:00:54', '2018-12-21 11:00:54', 1, 1),
(713, 54, 102, 0, 0, 0, 0, '2018-12-21 11:00:54', '2018-12-21 11:00:54', 1, 1),
(714, 54, 103, 0, 0, 0, 0, '2018-12-21 11:00:54', '2018-12-21 11:00:54', 1, 1),
(715, 54, 104, 0, 0, 0, 0, '2018-12-21 11:00:54', '2018-12-21 11:00:54', 1, 1),
(716, 54, 105, 0, 0, 0, 0, '2018-12-21 11:00:54', '2018-12-21 11:00:54', 1, 1),
(717, 54, 106, 0, 0, 0, 0, '2018-12-21 11:00:54', '2018-12-21 11:00:54', 1, 1),
(718, 54, 107, 0, 0, 0, 0, '2018-12-21 11:00:54', '2018-12-21 11:00:54', 1, 1),
(719, 54, 108, 0, 0, 0, 0, '2018-12-21 11:00:54', '2018-12-21 11:00:54', 1, 1),
(720, 54, 109, 0, 0, 0, 0, '2018-12-21 11:00:54', '2018-12-21 11:00:54', 1, 1),
(721, 54, 110, 0, 0, 0, 0, '2018-12-21 11:00:54', '2018-12-21 11:00:54', 1, 1),
(722, 54, 111, 0, 0, 0, 0, '2018-12-21 11:00:54', '2018-12-21 11:00:54', 1, 1),
(723, 54, 112, 0, 0, 0, 0, '2018-12-21 11:00:54', '2018-12-21 11:00:54', 1, 1),
(724, 54, 113, 0, 0, 0, 0, '2018-12-21 11:00:54', '2018-12-21 11:00:54', 1, 1),
(725, 54, 114, 0, 0, 0, 0, '2018-12-21 11:00:54', '2018-12-21 11:00:54', 1, 1),
(726, 55, 1, 1, 1, 1, 1, '2018-12-24 07:12:54', '2018-12-24 07:12:54', 1, 1),
(727, 55, 77, 0, 0, 0, 0, '2018-12-24 07:12:54', '2018-12-24 07:12:54', 1, 1),
(728, 55, 90, 0, 0, 0, 0, '2018-12-24 07:12:54', '2018-12-24 07:12:54', 1, 1),
(729, 55, 91, 0, 0, 0, 0, '2018-12-24 07:12:54', '2018-12-24 07:12:54', 1, 1),
(730, 55, 92, 0, 0, 0, 0, '2018-12-24 07:12:54', '2018-12-24 07:12:54', 1, 1),
(731, 55, 93, 0, 0, 0, 0, '2018-12-24 07:12:54', '2018-12-24 07:12:54', 1, 1),
(732, 55, 94, 0, 0, 0, 0, '2018-12-24 07:12:54', '2018-12-24 07:12:54', 1, 1),
(733, 55, 95, 0, 0, 0, 0, '2018-12-24 07:12:54', '2018-12-24 07:12:54', 1, 1),
(734, 55, 96, 0, 0, 0, 0, '2018-12-24 07:12:54', '2018-12-24 07:12:54', 1, 1),
(735, 55, 97, 0, 0, 0, 0, '2018-12-24 07:12:54', '2018-12-24 07:12:54', 1, 1),
(736, 55, 98, 0, 0, 0, 0, '2018-12-24 07:12:54', '2018-12-24 07:12:54', 1, 1),
(737, 55, 99, 0, 0, 0, 0, '2018-12-24 07:12:54', '2018-12-24 07:12:54', 1, 1),
(738, 55, 100, 0, 0, 0, 0, '2018-12-24 07:12:54', '2018-12-24 07:12:54', 1, 1),
(739, 55, 101, 0, 0, 0, 0, '2018-12-24 07:12:54', '2018-12-24 07:12:54', 1, 1),
(740, 55, 102, 0, 0, 0, 0, '2018-12-24 07:12:54', '2018-12-24 07:12:54', 1, 1),
(741, 55, 103, 0, 0, 0, 0, '2018-12-24 07:12:54', '2018-12-24 07:12:54', 1, 1),
(742, 55, 104, 0, 0, 0, 0, '2018-12-24 07:12:54', '2018-12-24 07:12:54', 1, 1),
(743, 55, 105, 0, 0, 0, 0, '2018-12-24 07:12:54', '2018-12-24 07:12:54', 1, 1),
(744, 55, 106, 0, 0, 0, 0, '2018-12-24 07:12:54', '2018-12-24 07:12:54', 1, 1),
(745, 55, 107, 0, 0, 0, 0, '2018-12-24 07:12:54', '2018-12-24 07:12:54', 1, 1),
(746, 55, 108, 0, 0, 0, 0, '2018-12-24 07:12:54', '2018-12-24 07:12:54', 1, 1),
(747, 55, 109, 0, 0, 0, 0, '2018-12-24 07:12:54', '2018-12-24 07:12:54', 1, 1),
(748, 55, 110, 0, 0, 0, 0, '2018-12-24 07:12:54', '2018-12-24 07:12:54', 1, 1),
(749, 55, 111, 0, 0, 0, 0, '2018-12-24 07:12:54', '2018-12-24 07:12:54', 1, 1),
(750, 55, 112, 0, 0, 0, 0, '2018-12-24 07:12:54', '2018-12-24 07:12:54', 1, 1),
(751, 55, 113, 0, 0, 0, 0, '2018-12-24 07:12:54', '2018-12-24 07:12:54', 1, 1),
(752, 55, 114, 0, 0, 0, 0, '2018-12-24 07:12:54', '2018-12-24 07:12:54', 1, 1),
(753, 55, 115, 0, 0, 0, 0, '2018-12-24 07:12:54', '2018-12-24 07:12:54', 1, 1),
(754, 56, 1, 1, 1, 1, 1, '2018-12-24 08:02:11', '2018-12-24 08:02:11', 1, 1),
(755, 56, 77, 0, 0, 0, 0, '2018-12-24 08:02:11', '2018-12-24 08:02:11', 1, 1),
(756, 56, 90, 0, 0, 0, 0, '2018-12-24 08:02:11', '2018-12-24 08:02:11', 1, 1),
(757, 56, 91, 0, 0, 0, 0, '2018-12-24 08:02:11', '2018-12-24 08:02:11', 1, 1),
(758, 56, 92, 0, 0, 0, 0, '2018-12-24 08:02:11', '2018-12-24 08:02:11', 1, 1),
(759, 56, 93, 0, 0, 0, 0, '2018-12-24 08:02:11', '2018-12-24 08:02:11', 1, 1),
(760, 56, 94, 0, 0, 0, 0, '2018-12-24 08:02:11', '2018-12-24 08:02:11', 1, 1),
(761, 56, 95, 0, 0, 0, 0, '2018-12-24 08:02:11', '2018-12-24 08:02:11', 1, 1),
(762, 56, 96, 0, 0, 0, 0, '2018-12-24 08:02:11', '2018-12-24 08:02:11', 1, 1),
(763, 56, 97, 0, 0, 0, 0, '2018-12-24 08:02:11', '2018-12-24 08:02:11', 1, 1),
(764, 56, 98, 0, 0, 0, 0, '2018-12-24 08:02:11', '2018-12-24 08:02:11', 1, 1),
(765, 56, 99, 0, 0, 0, 0, '2018-12-24 08:02:11', '2018-12-24 08:02:11', 1, 1),
(766, 56, 100, 0, 0, 0, 0, '2018-12-24 08:02:11', '2018-12-24 08:02:11', 1, 1),
(767, 56, 101, 0, 0, 0, 0, '2018-12-24 08:02:11', '2018-12-24 08:02:11', 1, 1),
(768, 56, 102, 0, 0, 0, 0, '2018-12-24 08:02:11', '2018-12-24 08:02:11', 1, 1),
(769, 56, 103, 0, 0, 0, 0, '2018-12-24 08:02:11', '2018-12-24 08:02:11', 1, 1),
(770, 56, 104, 0, 0, 0, 0, '2018-12-24 08:02:11', '2018-12-24 08:02:11', 1, 1),
(771, 56, 105, 0, 0, 0, 0, '2018-12-24 08:02:11', '2018-12-24 08:02:11', 1, 1),
(772, 56, 106, 0, 0, 0, 0, '2018-12-24 08:02:11', '2018-12-24 08:02:11', 1, 1),
(773, 56, 107, 0, 0, 0, 0, '2018-12-24 08:02:11', '2018-12-24 08:02:11', 1, 1),
(774, 56, 108, 0, 0, 0, 0, '2018-12-24 08:02:11', '2018-12-24 08:02:11', 1, 1),
(775, 56, 109, 0, 0, 0, 0, '2018-12-24 08:02:11', '2018-12-24 08:02:11', 1, 1),
(776, 56, 110, 0, 0, 0, 0, '2018-12-24 08:02:11', '2018-12-24 08:02:11', 1, 1),
(777, 56, 111, 0, 0, 0, 0, '2018-12-24 08:02:11', '2018-12-24 08:02:11', 1, 1),
(778, 56, 112, 0, 0, 0, 0, '2018-12-24 08:02:11', '2018-12-24 08:02:11', 1, 1),
(779, 56, 113, 0, 0, 0, 0, '2018-12-24 08:02:11', '2018-12-24 08:02:11', 1, 1),
(780, 56, 114, 0, 0, 0, 0, '2018-12-24 08:02:11', '2018-12-24 08:02:11', 1, 1),
(781, 56, 115, 0, 0, 0, 0, '2018-12-24 08:02:11', '2018-12-24 08:02:11', 1, 1);

-- --------------------------------------------------------

--
-- Table structure for table `packages`
--

CREATE TABLE `packages` (
  `PackageID` int(11) NOT NULL,
  `VisitPerYear` int(11) NOT NULL,
  `PackageImage` varchar(255) NOT NULL,
  `SortOrder` int(11) NOT NULL,
  `Hide` tinyint(4) NOT NULL,
  `IsActive` tinyint(4) NOT NULL,
  `CreatedAt` datetime NOT NULL,
  `UpdatedAt` datetime NOT NULL,
  `CreatedBy` int(11) NOT NULL,
  `UpdatedBy` int(11) NOT NULL
) ENGINE=InnoDB DEFAULT CHARSET=utf8;

--
-- Dumping data for table `packages`
--

INSERT INTO `packages` (`PackageID`, `VisitPerYear`, `PackageImage`, `SortOrder`, `Hide`, `IsActive`, `CreatedAt`, `UpdatedAt`, `CreatedBy`, `UpdatedBy`) VALUES
(1, 2, 'uploads/images/90235985042018121811420514863560864_d5ce12631a_k.jpg', 0, 0, 1, '2018-12-17 07:49:41', '2018-12-18 11:05:42', 1, 1),
(2, 2, 'uploads/images/90235985042018121811420514863560864_d5ce12631a_k.jpg', 0, 0, 1, '2018-12-17 07:49:41', '2018-12-18 11:05:42', 1, 1),
(3, 2, 'uploads/images/90235985042018121811420514863560864_d5ce12631a_k.jpg', 0, 0, 1, '2018-12-17 07:49:41', '2018-12-18 11:05:42', 1, 1);

-- --------------------------------------------------------

--
-- Table structure for table `packages_text`
--

CREATE TABLE `packages_text` (
  `PackageTextID` int(11) NOT NULL,
  `PackageID` int(11) NOT NULL,
  `Title` varchar(255) NOT NULL,
  `Description` varchar(2000) NOT NULL,
  `SystemLanguageID` int(11) NOT NULL,
  `CreatedAt` datetime NOT NULL,
  `UpdatedAt` datetime NOT NULL,
  `CreatedBy` int(11) NOT NULL,
  `UpdatedBy` int(11) NOT NULL
) ENGINE=InnoDB DEFAULT CHARSET=utf8;

--
-- Dumping data for table `packages_text`
--

INSERT INTO `packages_text` (`PackageTextID`, `PackageID`, `Title`, `Description`, `SystemLanguageID`, `CreatedAt`, `UpdatedAt`, `CreatedBy`, `UpdatedBy`) VALUES
(1, 1, 'First Package', 'This is testing by sarfraz update', 1, '2018-12-17 07:49:41', '2018-12-18 11:05:42', 1, 1),
(2, 2, 'Second Package', 'This is testing by sarfraz update', 1, '2018-12-17 07:49:41', '2018-12-18 11:05:42', 1, 1),
(3, 3, 'Third Package', 'This is testing by sarfraz update', 1, '2018-12-17 07:49:41', '2018-12-18 11:05:42', 1, 1);

-- --------------------------------------------------------

--
-- Table structure for table `pages`
--

CREATE TABLE `pages` (
  `PageID` int(11) NOT NULL,
  `Image` varchar(255) NOT NULL,
  `Contact` varchar(255) NOT NULL,
  `Whatsapp` varchar(255) NOT NULL,
  `Email` varchar(255) NOT NULL,
  `Instagram` varchar(255) NOT NULL,
  `Twitter` varchar(255) NOT NULL,
  `SortOrder` int(11) NOT NULL,
  `Hide` tinyint(4) NOT NULL,
  `IsActive` tinyint(4) NOT NULL,
  `CreatedAt` datetime NOT NULL,
  `UpdatedAt` datetime NOT NULL,
  `CreatedBy` int(11) NOT NULL,
  `UpdatedBy` int(11) NOT NULL
) ENGINE=InnoDB DEFAULT CHARSET=utf8;

--
-- Dumping data for table `pages`
--

INSERT INTO `pages` (`PageID`, `Image`, `Contact`, `Whatsapp`, `Email`, `Instagram`, `Twitter`, `SortOrder`, `Hide`, `IsActive`, `CreatedAt`, `UpdatedAt`, `CreatedBy`, `UpdatedBy`) VALUES
(1, 'uploads/images/341053551752018121910521714863560864_d5ce12631a_k.jpg', '', '', '', '', '', 0, 0, 1, '2018-12-19 06:00:56', '2018-12-19 11:08:28', 1, 1),
(2, '', '+966581057444', '+966581057444', 'info@mpksa.com', 'mpksa_app', 'mpksa_app', 1, 0, 1, '2018-12-19 06:02:00', '2018-12-21 08:50:29', 1, 1),
(3, '', '', '', '', '', '', 2, 0, 1, '2018-12-19 07:34:39', '2018-12-19 12:26:42', 1, 1),
(4, '', '', '', '', '', '', 3, 0, 1, '2018-12-19 12:25:43', '2018-12-20 12:30:55', 1, 1),
(5, '', '', '', '', '', '', 4, 0, 1, '2018-12-19 12:27:22', '2018-12-19 12:27:22', 1, 1);

-- --------------------------------------------------------

--
-- Table structure for table `pages_text`
--

CREATE TABLE `pages_text` (
  `PageTextID` int(11) NOT NULL,
  `PageID` int(11) NOT NULL,
  `Title` varchar(255) NOT NULL,
  `Description` varchar(2000) NOT NULL,
  `SystemLanguageID` int(11) NOT NULL,
  `CreatedAt` datetime NOT NULL,
  `UpdatedAt` datetime NOT NULL,
  `CreatedBy` int(11) NOT NULL,
  `UpdatedBy` int(11) NOT NULL
) ENGINE=InnoDB DEFAULT CHARSET=utf8;

--
-- Dumping data for table `pages_text`
--

INSERT INTO `pages_text` (`PageTextID`, `PageID`, `Title`, `Description`, `SystemLanguageID`, `CreatedAt`, `UpdatedAt`, `CreatedBy`, `UpdatedBy`) VALUES
(1, 1, 'About Us', '<h2>Hello</h2>\r\n<p>This is some dummy description updated</p>', 1, '2018-12-19 06:00:56', '2018-12-19 11:08:28', 1, 1),
(2, 1, 'Arabic About US', '<p>This is some dummy description arabic updated</p>', 2, '2018-12-19 06:01:28', '2018-12-19 11:07:51', 1, 1),
(3, 2, 'Contact Us', 'This is contact us page', 1, '2018-12-19 06:02:00', '2018-12-21 08:50:29', 1, 1),
(4, 2, 'Arabic Contact Us', 'Arabic Contact Us Description', 2, '2018-12-19 06:02:20', '2018-12-19 06:02:20', 1, 1),
(5, 3, 'Registration Terms and Conditions', '<ul>\r\n<li>These are service terms and conditions</li>\r\n</ul>', 1, '2018-12-19 07:34:39', '2018-12-19 12:26:42', 1, 1),
(6, 4, 'Service Terms and Conditions', 'Lorem ipsum dolor sit amet, sit et brute minimum. \r\nEa oporteat mediocritatem sea, sumo graecis necessitatibus ex pri. \r\nNe sed probo regione, facete tibique ad vis.\r\nDeleniti detraxit interpretaris eum te. Liber omnesque antiopam ea quo, persecuti consectetuer ei sea. \r\nQuem voluptua te cum, eos solum dicam dissentiet eu. \r\nHas cu volutpat expetenda hendrerit, ea quo alterum epicurei. Admodum consetetur ne nam.', 1, '2018-12-19 12:25:43', '2018-12-20 12:30:55', 1, 1),
(7, 5, 'Guarantee', '<p>This is some dummy guarantee text</p>', 1, '2018-12-19 12:27:22', '2018-12-19 12:27:22', 1, 1);

-- --------------------------------------------------------

--
-- Table structure for table `roles`
--

CREATE TABLE `roles` (
  `RoleID` int(11) NOT NULL,
  `SortOrder` int(11) NOT NULL,
  `Hide` tinyint(4) NOT NULL DEFAULT '0',
  `IsActive` tinyint(4) NOT NULL,
  `CreatedBy` datetime NOT NULL,
  `UpdatedBy` datetime NOT NULL,
  `CreatedAt` datetime NOT NULL,
  `UpdatedAt` datetime NOT NULL
) ENGINE=InnoDB DEFAULT CHARSET=utf8;

--
-- Dumping data for table `roles`
--

INSERT INTO `roles` (`RoleID`, `SortOrder`, `Hide`, `IsActive`, `CreatedBy`, `UpdatedBy`, `CreatedAt`, `UpdatedAt`) VALUES
(1, 0, 0, 1, '0000-00-00 00:00:00', '0000-00-00 00:00:00', '2018-04-03 00:00:00', '2018-04-03 00:00:00'),
(2, 1, 0, 1, '0000-00-00 00:00:00', '0000-00-00 00:00:00', '2018-05-02 11:37:19', '2018-05-02 12:03:34'),
(3, 2, 0, 1, '0000-00-00 00:00:00', '0000-00-00 00:00:00', '2018-05-04 17:33:54', '2018-06-27 13:41:29');

-- --------------------------------------------------------

--
-- Table structure for table `roles_text`
--

CREATE TABLE `roles_text` (
  `RoleTextID` int(11) NOT NULL,
  `RoleID` int(11) NOT NULL,
  `Title` varchar(255) NOT NULL,
  `SystemLanguageID` int(11) NOT NULL,
  `CreatedAt` datetime NOT NULL,
  `UpdatedAt` datetime NOT NULL,
  `CreatedBy` int(11) NOT NULL,
  `UpdatedBy` int(11) NOT NULL
) ENGINE=InnoDB DEFAULT CHARSET=utf8;

--
-- Dumping data for table `roles_text`
--

INSERT INTO `roles_text` (`RoleTextID`, `RoleID`, `Title`, `SystemLanguageID`, `CreatedAt`, `UpdatedAt`, `CreatedBy`, `UpdatedBy`) VALUES
(1, 1, 'Admin', 1, '0000-00-00 00:00:00', '0000-00-00 00:00:00', 0, 0),
(2, 2, 'Technician', 1, '2018-05-02 11:37:19', '2018-05-02 12:03:34', 1, 1),
(4, 3, 'App Users', 1, '2018-05-04 17:33:54', '2018-06-27 13:41:29', 1, 1);

-- --------------------------------------------------------

--
-- Table structure for table `site_images`
--

CREATE TABLE `site_images` (
  `SiteImageID` int(11) NOT NULL,
  `ImageType` varchar(50) NOT NULL,
  `FileID` int(11) NOT NULL,
  `ImageName` varchar(255) NOT NULL
) ENGINE=InnoDB DEFAULT CHARSET=utf8;

--
-- Dumping data for table `site_images`
--

INSERT INTO `site_images` (`SiteImageID`, `ImageType`, `FileID`, `ImageName`) VALUES
(1, 'EmailFile', 1, 'uploads/email_templates/1105560715201807040158222.jpg'),
(4, 'EmailFile', 1, 'uploads/email_templates/115024671201807040113315.jpg'),
(5, 'EmailFile', 2, 'uploads/email_templates/477024079201807040157553.jpg'),
(6, 'EmailFile', 2, 'uploads/email_templates/1068459207201807040157554.jpg'),
(1, 'EmailFile', 1, 'uploads/email_templates/1105560715201807040158222.jpg'),
(4, 'EmailFile', 1, 'uploads/email_templates/115024671201807040113315.jpg'),
(5, 'EmailFile', 2, 'uploads/email_templates/477024079201807040157553.jpg'),
(6, 'EmailFile', 2, 'uploads/email_templates/1068459207201807040157554.jpg');

-- --------------------------------------------------------

--
-- Table structure for table `site_settings`
--

CREATE TABLE `site_settings` (
  `SiteSettingID` int(11) NOT NULL,
  `SiteName` varchar(255) NOT NULL,
  `SiteImage` varchar(255) NOT NULL,
  `Email` varchar(255) NOT NULL,
  `Whatsapp` varchar(255) NOT NULL,
  `Skype` varchar(255) NOT NULL,
  `PhoneNumber` varchar(255) NOT NULL,
  `Fax` varchar(255) NOT NULL,
  `OpenTime` varchar(255) NOT NULL,
  `CloseTime` varchar(255) NOT NULL,
  `FacebookUrl` varchar(255) NOT NULL,
  `GoogleUrl` varchar(255) NOT NULL,
  `LinkedInUrl` varchar(255) NOT NULL,
  `TwitterUrl` varchar(255) NOT NULL,
  `CreatedAt` datetime NOT NULL,
  `UpdatedAt` datetime NOT NULL
) ENGINE=InnoDB DEFAULT CHARSET=utf8;

--
-- Dumping data for table `site_settings`
--

INSERT INTO `site_settings` (`SiteSettingID`, `SiteName`, `SiteImage`, `Email`, `Whatsapp`, `Skype`, `PhoneNumber`, `Fax`, `OpenTime`, `CloseTime`, `FacebookUrl`, `GoogleUrl`, `LinkedInUrl`, `TwitterUrl`, `CreatedAt`, `UpdatedAt`) VALUES
(1, 'MPKSA Admin', 'uploads/5733516428620181129115208hobbies_app_icon.png', 'test@cms.com', '123456789', '', '12345678', '', '1545300000', '1545332400', 'www.facebook.com', 'www.google.com', 'www.linkedin.com', 'www.twitter.com', '2018-04-03 14:33:23', '2018-12-13 06:16:59');

-- --------------------------------------------------------

--
-- Table structure for table `system_languages`
--

CREATE TABLE `system_languages` (
  `SystemLanguageID` int(11) NOT NULL,
  `SystemLanguageTitle` varchar(255) NOT NULL,
  `ShortCode` varchar(255) NOT NULL,
  `IsDefault` tinyint(4) NOT NULL,
  `IsActive` tinyint(4) NOT NULL DEFAULT '1',
  `Hide` tinyint(4) NOT NULL DEFAULT '0',
  `CreatedAt` datetime NOT NULL,
  `UpdatedAt` datetime NOT NULL,
  `CreatedBy` int(11) NOT NULL,
  `UpdatedBy` int(11) NOT NULL
) ENGINE=InnoDB DEFAULT CHARSET=utf8;

--
-- Dumping data for table `system_languages`
--

INSERT INTO `system_languages` (`SystemLanguageID`, `SystemLanguageTitle`, `ShortCode`, `IsDefault`, `IsActive`, `Hide`, `CreatedAt`, `UpdatedAt`, `CreatedBy`, `UpdatedBy`) VALUES
(1, 'English', 'EN', 1, 0, 0, '2018-04-09 00:00:00', '2018-07-04 16:09:38', 0, 1),
(2, 'Arabic', 'AR', 0, 0, 0, '2018-04-09 00:00:00', '2018-07-04 16:07:19', 0, 1);

-- --------------------------------------------------------

--
-- Table structure for table `users`
--

CREATE TABLE `users` (
  `UserID` int(11) NOT NULL,
  `RoleID` int(11) NOT NULL,
  `Mobile` varchar(255) NOT NULL,
  `CityID` int(11) DEFAULT NULL,
  `UserType` enum('','individual','company') NOT NULL,
  `Code` int(4) NOT NULL,
  `Email` varchar(255) NOT NULL,
  `Gender` enum('Male','Female') DEFAULT NULL,
  `SecondaryEmail` varchar(255) NOT NULL,
  `CompressedImage` varchar(255) NOT NULL,
  `Password` varchar(255) NOT NULL,
  `DateOfBirth` date NOT NULL,
  `Image` varchar(500) NOT NULL,
  `DeviceType` varchar(50) NOT NULL,
  `DeviceToken` varchar(255) NOT NULL,
  `Hide` tinyint(4) NOT NULL DEFAULT '0',
  `IsActive` tinyint(4) NOT NULL DEFAULT '1',
  `Notification` enum('on','off') NOT NULL DEFAULT 'on',
  `CompanyName` varchar(255) NOT NULL,
  `SortOrder` int(11) NOT NULL,
  `CreatedAt` varchar(255) NOT NULL,
  `CreatedBy` int(11) NOT NULL,
  `UpdatedAt` varchar(255) NOT NULL,
  `UpdatedBy` int(11) NOT NULL
) ENGINE=InnoDB DEFAULT CHARSET=utf8;

--
-- Dumping data for table `users`
--

INSERT INTO `users` (`UserID`, `RoleID`, `Mobile`, `CityID`, `UserType`, `Code`, `Email`, `Gender`, `SecondaryEmail`, `CompressedImage`, `Password`, `DateOfBirth`, `Image`, `DeviceType`, `DeviceToken`, `Hide`, `IsActive`, `Notification`, `CompanyName`, `SortOrder`, `CreatedAt`, `CreatedBy`, `UpdatedAt`, `UpdatedBy`) VALUES
(1, 1, '', 1, '', 0, 'admin@mpksa.com', '', '', '', 'add17d083c0c376489a3d80454262a5a', '0000-00-00', '', '', '', 0, 1, 'on', '', 0, '1543388192', 0, '2018-05-09 13:35:18', 1),
(77, 3, '03323911622', 2, 'individual', 0, '', NULL, '', '', '', '0000-00-00', '', 'ios', '', 0, 1, 'on', '', 0, '2018-12-17 11:52:44', 0, '1545051805', 0),
(90, 3, '03323911622', 2, 'individual', 0, '', NULL, '', '', '', '0000-00-00', '', 'ios', '', 0, 1, 'on', '', 0, '2018-12-17 11:52:44', 0, '1545051805', 0),
(91, 3, '03048081367', 3, '', 3938, '', NULL, '', '', '', '0000-00-00', '', '', '', 0, 1, 'on', '', 0, '2018-12-17 12:20:59', 0, '1545135227', 0),
(92, 3, '03023911622', 3, 'company', 0, '', NULL, '', '', '', '0000-00-00', '', 'ios', '', 0, 1, 'on', '', 0, '2018-12-18 07:06:13', 0, '1545118879', 0),
(93, 3, '03013911622', 1, 'company', 0, '', NULL, '', '', '', '0000-00-00', '', 'ios', '', 0, 1, 'on', '', 0, '2018-12-18 09:09:39', 0, '1545127199', 0),
(94, 3, '03043911622', 2, 'individual', 0, '', NULL, '', '', '', '0000-00-00', '', 'ios', '', 0, 1, 'on', '', 0, '2018-12-18 10:05:06', 0, '1545127634', 0),
(95, 3, '0412345678', 3, 'individual', 0, '', NULL, '', '', '', '0000-00-00', '', 'ios', '', 0, 1, 'on', '', 0, '2018-12-18 10:22:17', 0, '1545128564', 0),
(96, 3, '031231222', 2, 'company', 0, '', NULL, '', '', '', '0000-00-00', '', 'ios', '', 0, 1, 'on', '', 0, '2018-12-18 10:27:03', 0, '1545128837', 0),
(97, 3, '031023141', 1, 'individual', 0, '', NULL, '', '', '', '0000-00-00', '', 'ios', '', 0, 1, 'on', '', 0, '2018-12-18 10:28:51', 0, '1545128941', 0),
(98, 3, '03012345678', 2, 'individual', 0, '', NULL, '', '', '', '0000-00-00', '', 'ios', '', 0, 1, 'on', '', 0, '2018-12-18 10:32:15', 0, '1545129160', 0),
(99, 3, '0308123412', 1, 'individual', 0, '', NULL, '', '', '', '0000-00-00', '', 'ios', '', 0, 1, 'on', '', 0, '2018-12-18 10:50:27', 0, '1545130344', 0),
(100, 3, '030231231', 2, 'individual', 0, '', NULL, '', '', '', '0000-00-00', '', 'ios', '', 0, 1, 'on', '', 0, '2018-12-18 11:03:18', 0, '1545131011', 0),
(101, 3, '031023123', 1, 'individual', 0, '', NULL, '', '', '', '0000-00-00', '', 'ios', '', 0, 1, 'on', '', 0, '2018-12-18 11:07:03', 0, '1545131234', 0),
(102, 3, '03012312313', 2, 'individual', 0, '', NULL, '', '', '', '0000-00-00', '', 'ios', '', 0, 1, 'on', '', 0, '2018-12-18 11:16:03', 0, '1545131774', 0),
(103, 3, '03123123', 2, 'individual', 0, '', NULL, '', '', '', '0000-00-00', '', 'ios', '', 0, 1, 'on', '', 0, '2018-12-18 11:32:03', 0, '1545132732', 0),
(104, 3, '+966213123', 2, 'individual', 0, '', NULL, '', '', '', '0000-00-00', '', 'ios', '', 0, 1, 'on', '', 0, '2018-12-18 11:45:20', 0, '1545133535', 0),
(105, 3, '+96623123', 2, 'individual', 0, '', NULL, '', '', '', '0000-00-00', '', 'ios', '', 0, 1, 'on', '', 0, '2018-12-18 11:53:03', 0, '1545133999', 0),
(106, 3, '+96621313', 2, 'individual', 0, '', NULL, '', '', '', '0000-00-00', '', 'ios', '', 0, 1, 'on', '', 0, '2018-12-18 12:00:59', 0, '1545134467', 0),
(107, 3, '+966218644', 3, 'company', 0, '', NULL, '', '', '', '0000-00-00', '', 'ios', '', 0, 1, 'on', '', 0, '2018-12-18 12:12:23', 0, '1545135153', 0),
(108, 3, '+923323911622', 1, 'company', 0, 'salman@gmail.com', NULL, '', '', '', '0000-00-00', '', 'ios', '', 0, 1, 'on', '', 0, '2018-12-18 12:40:04', 0, '1545209603', 0),
(109, 3, '+923312342966', NULL, '', 0, '', NULL, '', '', '', '0000-00-00', '', '', '', 0, 1, 'on', '', 0, '2018-12-18 12:42:08', 0, '2018-12-18 12:42:08', 0),
(110, 3, '+966581057444', 3, '', 0, '', NULL, '', '', '', '0000-00-00', '', '', '', 0, 1, 'on', '', 0, '2018-12-19 08:53:17', 0, '1545655052', 0),
(111, 3, '+966541579273', 2, 'company', 0, 't@t.com', NULL, '', '', '', '0000-00-00', '', '', '', 0, 1, 'on', '', 0, '2018-12-19 11:46:21', 0, '1545220029', 0),
(112, 2, '03008094941', 1, 'individual', 0, 'sarfraz.cs10app@gmail.com', NULL, '', '', '25d55ad283aa400af464c76d713c07ad', '0000-00-00', 'uploads/users/366673921232018122411354614863560864_d5ce12631a_k.jpg', '', '', 0, 1, 'on', 'Test Company', 1, '2018-12-20 08:04:30', 1, '2018-12-24 11:46:35', 1),
(113, 3, '030080949411', 1, 'individual', 0, 'sarfraz.cs10appp@gmail.com', NULL, '', '', '25d55ad283aa400af464c76d713c07ad', '0000-00-00', '', '', '', 0, 1, 'on', '', 2, '2018-12-20 08:07:26', 1, '2018-12-20 08:07:26', 1),
(114, 3, '03008094941', 1, 'individual', 0, 'sarfraz.cs10aappp@gmail.com', NULL, '', '', '25d55ad283aa400af464c76d713c07ad', '0000-00-00', '', '', '', 0, 1, 'on', '', 3, '2018-12-20 08:09:21', 1, '2018-12-20 08:12:49', 1),
(115, 3, '+966155665855', 1, 'company', 0, 'hmmm@gmail.com', NULL, '', '', '', '0000-00-00', '', 'ios', '', 0, 1, 'on', '', 0, '2018-12-21 15:01:55', 0, '1545404547', 0),
(116, 2, '123123123', 2, '', 0, 'Test@test.com', NULL, '', '', '123', '0000-00-00', 'uploads/users/2387971172320181224112244f72e1572-c291-48ac-b45c-6d8a5c1a15c0.jpg', '', '', 0, 1, 'on', 'Schopfen', 0, '2018-12-24 11:41:40', 1, '2018-12-24 11:44:22', 1);

-- --------------------------------------------------------

--
-- Table structure for table `users_text`
--

CREATE TABLE `users_text` (
  `UserTextID` int(11) NOT NULL,
  `UserID` int(11) NOT NULL,
  `FullName` varchar(255) NOT NULL,
  `Bio` text NOT NULL,
  `SystemLanguageID` int(11) NOT NULL
) ENGINE=InnoDB DEFAULT CHARSET=utf8;

--
-- Dumping data for table `users_text`
--

INSERT INTO `users_text` (`UserTextID`, `UserID`, `FullName`, `Bio`, `SystemLanguageID`) VALUES
(6, 1, 'Admin', '', 1),
(77, 77, 'Muhammad Salman', '', 1),
(91, 91, 'Hamza', '', 1),
(92, 92, 'Muhammad Salman', '', 1),
(93, 93, 'salman', '', 1),
(94, 94, 'salman', '', 1),
(95, 95, 'Muhammad salman', '', 1),
(96, 96, 'Muhammad Salman', '', 1),
(97, 97, 'salman Sam', '', 1),
(98, 98, 'salman', '', 1),
(99, 99, 'salman', '', 1),
(100, 100, 'salmon as', '', 1),
(101, 101, 'Muhammad Salman', '', 1),
(102, 102, 'Muhammad Salman', '', 1),
(103, 103, 'salman', '', 1),
(104, 104, 'Muhammad salman', '', 1),
(105, 105, 'salman', '', 1),
(106, 106, 'salman', '', 1),
(107, 107, 'Rizwan ', '', 1),
(108, 108, 'Muhammad Salman', '', 1),
(109, 109, '', '', 1),
(110, 110, 'Rizwan Asghar.', '', 1),
(111, 111, 'taha', '', 1),
(112, 112, 'Sarfraz App User', '', 1),
(113, 114, 'Arabic', '', 2),
(114, 115, 'Muhamamad Salman ', '', 1),
(115, 116, 'Test', '', 1);

-- --------------------------------------------------------

--
-- Table structure for table `vehicles`
--

CREATE TABLE `vehicles` (
  `VehicleID` int(11) NOT NULL,
  `VehicleNumber` varchar(255) NOT NULL,
  `CityID` int(11) NOT NULL,
  `SortOrder` int(11) NOT NULL,
  `Hide` tinyint(4) NOT NULL,
  `IsActive` tinyint(4) NOT NULL,
  `CreatedAt` datetime NOT NULL,
  `UpdatedAt` datetime NOT NULL,
  `CreatedBy` int(11) NOT NULL,
  `UpdatedBy` int(11) NOT NULL
) ENGINE=MyISAM DEFAULT CHARSET=utf8;

--
-- Dumping data for table `vehicles`
--

INSERT INTO `vehicles` (`VehicleID`, `VehicleNumber`, `CityID`, `SortOrder`, `Hide`, `IsActive`, `CreatedAt`, `UpdatedAt`, `CreatedBy`, `UpdatedBy`) VALUES
(1, 'RNN-5817', 1, 0, 0, 1, '2018-12-24 07:51:17', '2018-12-24 07:51:17', 1, 1),
(2, 'RNF-3797', 2, 0, 0, 1, '2018-12-24 07:51:17', '2018-12-24 09:19:47', 1, 1);

--
-- Indexes for dumped tables
--

--
-- Indexes for table `bookings`
--
ALTER TABLE `bookings`
  ADD PRIMARY KEY (`BookingID`);

--
-- Indexes for table `categories`
--
ALTER TABLE `categories`
  ADD PRIMARY KEY (`CategoryID`);

--
-- Indexes for table `categories_text`
--
ALTER TABLE `categories_text`
  ADD PRIMARY KEY (`CategoryTextID`),
  ADD KEY `categories_text_CategoryID_fk` (`CategoryID`);

--
-- Indexes for table `cities`
--
ALTER TABLE `cities`
  ADD PRIMARY KEY (`CityID`);

--
-- Indexes for table `cities_text`
--
ALTER TABLE `cities_text`
  ADD PRIMARY KEY (`CityTextID`),
  ADD KEY `FK_cities_text` (`CityID`);

--
-- Indexes for table `email_templates`
--
ALTER TABLE `email_templates`
  ADD PRIMARY KEY (`Email_templateID`);

--
-- Indexes for table `email_templates_text`
--
ALTER TABLE `email_templates_text`
  ADD PRIMARY KEY (`Email_templateTextID`),
  ADD KEY `email_templates_text_Email_templateID_fk` (`Email_templateID`);

--
-- Indexes for table `languages`
--
ALTER TABLE `languages`
  ADD PRIMARY KEY (`LanguageID`);

--
-- Indexes for table `mobile_verifications`
--
ALTER TABLE `mobile_verifications`
  ADD PRIMARY KEY (`MobileVerificationID`);

--
-- Indexes for table `modules`
--
ALTER TABLE `modules`
  ADD PRIMARY KEY (`ModuleID`);

--
-- Indexes for table `modules_rights`
--
ALTER TABLE `modules_rights`
  ADD PRIMARY KEY (`ModuleRightID`),
  ADD KEY `fk_ModuleID` (`ModuleID`);

--
-- Indexes for table `modules_text`
--
ALTER TABLE `modules_text`
  ADD PRIMARY KEY (`ModuleTextID`),
  ADD KEY `ModuleID` (`ModuleID`);

--
-- Indexes for table `modules_users_rights`
--
ALTER TABLE `modules_users_rights`
  ADD PRIMARY KEY (`ModuleRightID`),
  ADD KEY `fk_ModuleID` (`ModuleID`);

--
-- Indexes for table `packages`
--
ALTER TABLE `packages`
  ADD PRIMARY KEY (`PackageID`);

--
-- Indexes for table `packages_text`
--
ALTER TABLE `packages_text`
  ADD PRIMARY KEY (`PackageTextID`),
  ADD KEY `packages_text_PackageID_fk` (`PackageID`);

--
-- Indexes for table `pages`
--
ALTER TABLE `pages`
  ADD PRIMARY KEY (`PageID`);

--
-- Indexes for table `pages_text`
--
ALTER TABLE `pages_text`
  ADD PRIMARY KEY (`PageTextID`),
  ADD KEY `pages_text_PageID_fk` (`PageID`);

--
-- Indexes for table `roles`
--
ALTER TABLE `roles`
  ADD PRIMARY KEY (`RoleID`);

--
-- Indexes for table `roles_text`
--
ALTER TABLE `roles_text`
  ADD PRIMARY KEY (`RoleTextID`),
  ADD KEY `RoleID` (`RoleID`);

--
-- Indexes for table `site_settings`
--
ALTER TABLE `site_settings`
  ADD PRIMARY KEY (`SiteSettingID`);

--
-- Indexes for table `system_languages`
--
ALTER TABLE `system_languages`
  ADD PRIMARY KEY (`SystemLanguageID`);

--
-- Indexes for table `users`
--
ALTER TABLE `users`
  ADD PRIMARY KEY (`UserID`),
  ADD KEY `users_ibfk_1` (`RoleID`);

--
-- Indexes for table `users_text`
--
ALTER TABLE `users_text`
  ADD PRIMARY KEY (`UserTextID`),
  ADD KEY `RoleID` (`UserID`);

--
-- Indexes for table `vehicles`
--
ALTER TABLE `vehicles`
  ADD PRIMARY KEY (`VehicleID`);

--
-- AUTO_INCREMENT for dumped tables
--

--
-- AUTO_INCREMENT for table `bookings`
--
ALTER TABLE `bookings`
  MODIFY `BookingID` int(11) NOT NULL AUTO_INCREMENT, AUTO_INCREMENT=27;

--
-- AUTO_INCREMENT for table `categories`
--
ALTER TABLE `categories`
  MODIFY `CategoryID` int(11) NOT NULL AUTO_INCREMENT, AUTO_INCREMENT=4;

--
-- AUTO_INCREMENT for table `categories_text`
--
ALTER TABLE `categories_text`
  MODIFY `CategoryTextID` int(11) NOT NULL AUTO_INCREMENT, AUTO_INCREMENT=4;

--
-- AUTO_INCREMENT for table `cities`
--
ALTER TABLE `cities`
  MODIFY `CityID` int(11) NOT NULL AUTO_INCREMENT, AUTO_INCREMENT=114;

--
-- AUTO_INCREMENT for table `cities_text`
--
ALTER TABLE `cities_text`
  MODIFY `CityTextID` int(11) NOT NULL AUTO_INCREMENT, AUTO_INCREMENT=230;

--
-- AUTO_INCREMENT for table `email_templates`
--
ALTER TABLE `email_templates`
  MODIFY `Email_templateID` int(11) NOT NULL AUTO_INCREMENT, AUTO_INCREMENT=6;

--
-- AUTO_INCREMENT for table `email_templates_text`
--
ALTER TABLE `email_templates_text`
  MODIFY `Email_templateTextID` int(11) NOT NULL AUTO_INCREMENT, AUTO_INCREMENT=7;

--
-- AUTO_INCREMENT for table `languages`
--
ALTER TABLE `languages`
  MODIFY `LanguageID` int(11) NOT NULL AUTO_INCREMENT;

--
-- AUTO_INCREMENT for table `mobile_verifications`
--
ALTER TABLE `mobile_verifications`
  MODIFY `MobileVerificationID` int(11) NOT NULL AUTO_INCREMENT, AUTO_INCREMENT=43;

--
-- AUTO_INCREMENT for table `modules`
--
ALTER TABLE `modules`
  MODIFY `ModuleID` int(11) NOT NULL AUTO_INCREMENT, AUTO_INCREMENT=57;

--
-- AUTO_INCREMENT for table `modules_rights`
--
ALTER TABLE `modules_rights`
  MODIFY `ModuleRightID` int(11) NOT NULL AUTO_INCREMENT, AUTO_INCREMENT=151;

--
-- AUTO_INCREMENT for table `modules_text`
--
ALTER TABLE `modules_text`
  MODIFY `ModuleTextID` int(11) NOT NULL AUTO_INCREMENT, AUTO_INCREMENT=46;

--
-- AUTO_INCREMENT for table `modules_users_rights`
--
ALTER TABLE `modules_users_rights`
  MODIFY `ModuleRightID` int(11) NOT NULL AUTO_INCREMENT, AUTO_INCREMENT=782;

--
-- AUTO_INCREMENT for table `packages`
--
ALTER TABLE `packages`
  MODIFY `PackageID` int(11) NOT NULL AUTO_INCREMENT, AUTO_INCREMENT=4;

--
-- AUTO_INCREMENT for table `packages_text`
--
ALTER TABLE `packages_text`
  MODIFY `PackageTextID` int(11) NOT NULL AUTO_INCREMENT, AUTO_INCREMENT=4;

--
-- AUTO_INCREMENT for table `pages`
--
ALTER TABLE `pages`
  MODIFY `PageID` int(11) NOT NULL AUTO_INCREMENT, AUTO_INCREMENT=6;

--
-- AUTO_INCREMENT for table `pages_text`
--
ALTER TABLE `pages_text`
  MODIFY `PageTextID` int(11) NOT NULL AUTO_INCREMENT, AUTO_INCREMENT=8;

--
-- AUTO_INCREMENT for table `roles`
--
ALTER TABLE `roles`
  MODIFY `RoleID` int(11) NOT NULL AUTO_INCREMENT, AUTO_INCREMENT=4;

--
-- AUTO_INCREMENT for table `roles_text`
--
ALTER TABLE `roles_text`
  MODIFY `RoleTextID` int(11) NOT NULL AUTO_INCREMENT, AUTO_INCREMENT=5;

--
-- AUTO_INCREMENT for table `site_settings`
--
ALTER TABLE `site_settings`
  MODIFY `SiteSettingID` int(11) NOT NULL AUTO_INCREMENT, AUTO_INCREMENT=2;

--
-- AUTO_INCREMENT for table `system_languages`
--
ALTER TABLE `system_languages`
  MODIFY `SystemLanguageID` int(11) NOT NULL AUTO_INCREMENT, AUTO_INCREMENT=3;

--
-- AUTO_INCREMENT for table `users`
--
ALTER TABLE `users`
  MODIFY `UserID` int(11) NOT NULL AUTO_INCREMENT, AUTO_INCREMENT=117;

--
-- AUTO_INCREMENT for table `users_text`
--
ALTER TABLE `users_text`
  MODIFY `UserTextID` int(11) NOT NULL AUTO_INCREMENT, AUTO_INCREMENT=116;

--
-- AUTO_INCREMENT for table `vehicles`
--
ALTER TABLE `vehicles`
  MODIFY `VehicleID` int(11) NOT NULL AUTO_INCREMENT, AUTO_INCREMENT=3;

--
-- Constraints for dumped tables
--

--
-- Constraints for table `categories_text`
--
ALTER TABLE `categories_text`
  ADD CONSTRAINT `categories_text_CategoryID_fk` FOREIGN KEY (`CategoryID`) REFERENCES `categories` (`CategoryID`) ON DELETE CASCADE ON UPDATE CASCADE;

--
-- Constraints for table `cities_text`
--
ALTER TABLE `cities_text`
  ADD CONSTRAINT `FK_cities_text` FOREIGN KEY (`CityID`) REFERENCES `cities` (`CityID`);

--
-- Constraints for table `email_templates_text`
--
ALTER TABLE `email_templates_text`
  ADD CONSTRAINT `email_templates_text_Email_templateID_fk` FOREIGN KEY (`Email_templateID`) REFERENCES `email_templates` (`Email_templateID`) ON DELETE CASCADE ON UPDATE CASCADE;

--
-- Constraints for table `modules_rights`
--
ALTER TABLE `modules_rights`
  ADD CONSTRAINT `fk_ModuleID` FOREIGN KEY (`ModuleID`) REFERENCES `modules` (`ModuleID`);

--
-- Constraints for table `modules_text`
--
ALTER TABLE `modules_text`
  ADD CONSTRAINT `modules_text_ibfk_1` FOREIGN KEY (`ModuleID`) REFERENCES `modules` (`ModuleID`);

--
-- Constraints for table `packages_text`
--
ALTER TABLE `packages_text`
  ADD CONSTRAINT `packages_text_PackageID_fk` FOREIGN KEY (`PackageID`) REFERENCES `packages` (`PackageID`) ON DELETE CASCADE ON UPDATE CASCADE;

--
-- Constraints for table `pages_text`
--
ALTER TABLE `pages_text`
  ADD CONSTRAINT `pages_text_PageID_fk` FOREIGN KEY (`PageID`) REFERENCES `pages` (`PageID`) ON DELETE CASCADE ON UPDATE CASCADE;

--
-- Constraints for table `roles_text`
--
ALTER TABLE `roles_text`
  ADD CONSTRAINT `roles_text_ibfk_1` FOREIGN KEY (`RoleID`) REFERENCES `roles` (`RoleID`);

--
-- Constraints for table `users`
--
ALTER TABLE `users`
  ADD CONSTRAINT `users_ibfk_1` FOREIGN KEY (`RoleID`) REFERENCES `roles` (`RoleID`) ON UPDATE CASCADE;

--
-- Constraints for table `users_text`
--
ALTER TABLE `users_text`
  ADD CONSTRAINT `users_text_ibfk_1` FOREIGN KEY (`UserID`) REFERENCES `users` (`UserID`);
COMMIT;

/*!40101 SET CHARACTER_SET_CLIENT=@OLD_CHARACTER_SET_CLIENT */;
/*!40101 SET CHARACTER_SET_RESULTS=@OLD_CHARACTER_SET_RESULTS */;
/*!40101 SET COLLATION_CONNECTION=@OLD_COLLATION_CONNECTION */;
